collectd.network.QCY-A.nx-os.N5kC5020pBf.ac1-agg-w1-qcy__mgmt0_dcnet_intuit_net.snmp.cisco_cseCPU,6/20/16 14:20,34
collectd.network.QCY-A.nx-os.N5kC5020pBf.ac15-stor-w1-qcy__mgmt0_dcnet_intuit_net.snmp.cisco_cseCPU,6/20/16 14:20,0
collectd.network.QCY-A.nx-os.N5kC5020pBf.ac16-stor-w1-qcy__mgmt0_dcnet_intuit_net.snmp.cisco_cseCPU,6/20/16 14:20,4
collectd.network.QCY-A.nx-os.N5kC5020pBf.ac2-agg-w1-qcy__mgmt0_dcnet_intuit_net.snmp.cisco_cseCPU,6/20/16 14:20,0
collectd.network.QCY-A.nx-os.N5kC5596Up.ac3-agg-w1-qcy__mgmt0_dcnet_intuit_net.snmp.cisco_cseCPU,6/20/16 14:20,3
collectd.network.QCY-A.nx-os.N5kC5596Up.ac4-agg-w1-qcy__mgmt0_dcnet_intuit_net.snmp.cisco_cseCPU,6/20/16 14:20,0
collectd.network.QCY-A.nx-os.N7Kc7010.ac1-w1-qcy__mgmt0_dcnet_intuit_net.snmp.cisco_cseCPU,6/20/16 14:20,27
collectd.network.QCY-A.nx-os.N7Kc7010.ac2-w1-qcy__mgmt0_dcnet_intuit_net.snmp.cisco_cseCPU,6/20/16 14:20,1
collectd.network.QCY-A.nx-os.N7Kc7010.ac3-w1-qcy__mgmt0_dcnet_intuit_net.snmp.cisco_cseCPU,6/20/16 14:20,0
collectd.network.QCY-A.nx-os.N7Kc7010.ac4-w1-qcy__mgmt0_dcnet_intuit_net.snmp.cisco_cseCPU,6/20/16 14:20,0
collectd.network.QCY-A.nx-os.N7Kc7010.ac5-w1-qcy__mgmt0_dcnet_intuit_net.snmp.cisco_cseCPU,6/20/16 14:20,11
collectd.network.QCY-A.nx-os.N7Kc7010.ac6-w1-qcy__mgmt0_dcnet_intuit_net.snmp.cisco_cseCPU,6/20/16 14:20,18
collectd.network.QCY-A.nx-os.N7Kc7010.ac7-w1-qcy__mgmt0_dcnet_intuit_net.snmp.cisco_cseCPU,6/20/16 14:20,12
collectd.network.QCY-A.nx-os.N7Kc7010.ac8-w1-qcy__mgmt0_dcnet_intuit_net.snmp.cisco_cseCPU,6/20/16 14:20,0
collectd.network.QCY-A.nx-os.N7Kc7010.di1-m-w1-qcy__mgmt0_dcnet_intuit_net.snmp.cisco_cseCPU,6/20/16 14:20,67
collectd.network.QCY-A.nx-os.N7Kc7010.di1-n-w1-qcy__mgmt0_dcnet_intuit_net.snmp.cisco_cseCPU,6/20/16 14:20,47
collectd.network.QCY-A.nx-os.N7Kc7010.di1-p-w1-qcy__mgmt0_dcnet_intuit_net.snmp.cisco_cseCPU,6/20/16 14:20,15
collectd.network.QCY-A.nx-os.N7Kc7010.di1-s-w1-qcy__mgmt0_dcnet_intuit_net.snmp.cisco_cseCPU,6/20/16 14:20,24
collectd.network.QCY-A.nx-os.N7Kc7010.di2-m-w1-qcy__mgmt0_dcnet_intuit_net.snmp.cisco_cseCPU,6/20/16 14:20,16
collectd.network.QCY-A.nx-os.N7Kc7010.di2-n-w1-qcy__mgmt0_dcnet_intuit_net.snmp.cisco_cseCPU,6/20/16 14:20,56
collectd.network.QCY-A.nx-os.N7Kc7010.di2-p-w1-qcy__mgmt0_dcnet_intuit_net.snmp.cisco_cseCPU,6/20/16 14:20,33
collectd.network.QCY-A.nx-os.N7Kc7010.di2-s-w1-qcy__mgmt0_dcnet_intuit_net.snmp.cisco_cseCPU,6/20/16 14:20,33
collectd.network.QCY-A.nx-os.N7Kc7018.ac10-w1-qcy__mgmt0_dcnet_intuit_net.snmp.cisco_cseCPU,6/20/16 14:20,10
collectd.network.QCY-A.nx-os.N7Kc7018.ac11-w1-qcy__mgmt0_dcnet_intuit_net.snmp.cisco_cseCPU,6/20/16 14:20,6
collectd.network.QCY-A.nx-os.N7Kc7018.ac12-w1-qcy__mgmt0_dcnet_intuit_net.snmp.cisco_cseCPU,6/20/16 14:20,6
collectd.network.QCY-A.nx-os.N7Kc7018.ac9-w1-qcy__mgmt0_dcnet_intuit_net.snmp.cisco_cseCPU,6/20/16 14:20,0
collectd.network.QCY-A.nx-os.N7Kc7018.cr1-b-w1-qcy__mgmt0_dcnet_intuit_net.snmp.cisco_cseCPU,6/20/16 14:20,7
collectd.network.QCY-A.nx-os.N7Kc7018.cr1-f-w1-qcy__mgmt0_dcnet_intuit_net.snmp.cisco_cseCPU,6/20/16 14:20,3
collectd.network.QCY-A.nx-os.N7Kc7018.cr2-b-w1-qcy__mgmt0_dcnet_intuit_net.snmp.cisco_cseCPU,6/20/16 14:20,5
collectd.network.QCY-A.nx-os.N7Kc7018.cr2-f-w1-qcy__mgmt0_dcnet_intuit_net.snmp.cisco_cseCPU,6/20/16 14:20,1
collectd.network.QCY-A.nx-os.m9513.qyfcsw01a_bos_intuit_net.snmp.cisco_cseCPU,6/20/16 14:20,65
collectd.network.QCY-A.nx-os.m9513.qyfcsw01b_bos_intuit_net.snmp.cisco_cseCPU,6/20/16 14:20,66
collectd.network.QCY-A.ironport.S370.qypprdproxywa01_ie_intuit_net.snmp.ironport_cacheBusyCPUPct,6/20/16 14:20,20
collectd.network.QCY-A.ironport.S370.qypprdproxywa02_ie_intuit_net.snmp.ironport_cacheBusyCPUPct,6/20/16 14:20,9
collectd.network.QCY-A.ironport.S370.qypprdproxywa01_ie_intuit_net.snmp.ironport_perCentCPUUtilization,6/20/16 14:20,19
collectd.network.QCY-A.ironport.S370.qypprdproxywa02_ie_intuit_net.snmp.ironport_perCentCPUUtilization,6/20/16 14:20,8
collectd.network.QCY-B.nx-os.N5kC5020pBf.ac1-agg-w2-qcy__mgmt0_dcnet_intuit_net.snmp.cisco_cseCPU,6/20/16 14:20,4
collectd.network.QCY-B.nx-os.N5kC5020pBf.ac11-ct-w2-qcy__mgmt0_dcnet_intuit_net.snmp.cisco_cseCPU,6/20/16 14:20,8
collectd.network.QCY-B.nx-os.N5kC5020pBf.ac2-agg-w2-qcy__mgmt0_dcnet_intuit_net.snmp.cisco_cseCPU,6/20/16 14:20,0
collectd.network.QCY-B.nx-os.N5kC5020pBf.ac3-agg-w2-qcy__mgmt0_dcnet_intuit_net.snmp.cisco_cseCPU,6/20/16 14:20,8
collectd.network.QCY-B.nx-os.N5kC5020pBf.ac4-agg-w2-qcy__mgmt0_dcnet_intuit_net.snmp.cisco_cseCPU,6/20/16 14:20,0
collectd.network.QCY-B.nx-os.N5kC5020pBf.ac5-agg-w2-qcy__mgmt0_dcnet_intuit_net.snmp.cisco_cseCPU,6/20/16 14:20,0
collectd.network.QCY-B.nx-os.N5kC5020pBf.ac6-agg-w2-qcy__mgmt0_dcnet_intuit_net.snmp.cisco_cseCPU,6/20/16 14:20,0
collectd.network.QCY-B.nx-os.N5kC5020pBf.ac7-agg-w2-qcy__mgmt0_dcnet_intuit_net.snmp.cisco_cseCPU,6/20/16 14:20,8
collectd.network.QCY-B.nx-os.N5kC5020pBf.ac8-agg-w2-qcy__mgmt0_dcnet_intuit_net.snmp.cisco_cseCPU,6/20/16 14:20,0
collectd.network.QCY-B.nx-os.N5kC5596Up.ac10-agg-w2-qcy__mgmt0_dcnet_intuit_net.snmp.cisco_cseCPU,6/20/16 14:20,0
collectd.network.QCY-B.nx-os.N5kC5596Up.ac9-agg-w2-qcy__mgmt0_dcnet_intuit_net.snmp.cisco_cseCPU,6/20/16 14:20,5
collectd.network.QCY-B.nx-os.N7Kc7018.di1-w2-qcy__mgmt0_dcnet_intuit_net.snmp.cisco_cseCPU,6/20/16 14:20,4
collectd.network.QCY-B.nx-os.N7Kc7018.di2-w2-qcy__mgmt0_dcnet_intuit_net.snmp.cisco_cseCPU,6/20/16 14:20,14
collectd.network.QCY-B.nx-os.N7Kc7018.di3-w2-qcy__mgmt0_dcnet_intuit_net.snmp.cisco_cseCPU,6/20/16 14:20,4
collectd.network.QCY-B.nx-os.N7Kc7018.di4-w2-qcy__mgmt0_dcnet_intuit_net.snmp.cisco_cseCPU,6/20/16 14:20,4
collectd.network.QCY-B.nx-os.N7Kc7018.sc1-w2-qcy__mgmt0_dcnet_intuit_net.snmp.cisco_cseCPU,6/20/16 14:20,2
collectd.network.QCY-B.nx-os.N7Kc7018.sc2-w2-qcy__mgmt0_dcnet_intuit_net.snmp.cisco_cseCPU,6/20/16 14:20,16
collectd.network.QCY-C.nx-os.N5kC5020pBf.ac1-storage-c-qcy__mgmt0_dcnet_intuit_net.snmp.cisco_cseCPU,6/20/16 14:20,0
collectd.network.QCY-C.nx-os.N5kC5020pBf.ac10-compute-c-qcy__mgmt0_dcnet_intuit_net.snmp.cisco_cseCPU,6/20/16 14:20,0
collectd.network.QCY-C.nx-os.N5kC5020pBf.ac10-storage-c-qcy__mgmt0_dcnet_intuit_net.snmp.cisco_cseCPU,6/20/16 14:20,11
collectd.network.QCY-C.nx-os.N5kC5020pBf.ac11-compute-bd-c-qcy__mgmt0_dcnet_intuit_net.snmp.cisco_cseCPU,6/20/16 14:20,20
collectd.network.QCY-C.nx-os.N5kC5020pBf.ac12-compute-bd-c-qcy__mgmt0_dcnet_intuit_net.snmp.cisco_cseCPU,6/20/16 14:20,24
collectd.network.QCY-C.nx-os.N5kC5020pBf.ac13-compute-c-qcy__mgmt0_dcnet_intuit_net.snmp.cisco_cseCPU,6/20/16 14:20,15
collectd.network.QCY-C.nx-os.N5kC5020pBf.ac14-compute-c-qcy__mgmt0_dcnet_intuit_net.snmp.cisco_cseCPU,6/20/16 14:20,20
collectd.network.QCY-C.nx-os.N5kC5020pBf.ac17-compute-bd-c-qcy__mgmt0_dcnet_intuit_net.snmp.cisco_cseCPU,6/20/16 14:20,4
collectd.network.QCY-C.nx-os.N5kC5020pBf.ac18-compute-bd-c-qcy__mgmt0_dcnet_intuit_net.snmp.cisco_cseCPU,6/20/16 14:20,84
collectd.network.QCY-C.nx-os.N5kC5020pBf.ac2-storage-c-qcy__mgmt0_dcnet_intuit_net.snmp.cisco_cseCPU,6/20/16 14:20,4
collectd.network.QCY-C.nx-os.N5kC5020pBf.ac23-compute-c-qcy__mgmt0_dcnet_intuit_net.snmp.cisco_cseCPU,6/20/16 14:20,0
collectd.network.QCY-C.nx-os.N5kC5020pBf.ac24-compute-c-qcy__mgmt0_dcnet_intuit_net.snmp.cisco_cseCPU,6/20/16 14:20,8
collectd.network.QCY-C.nx-os.N5kC5020pBf.ac3-storage-c-qcy__mgmt0_dcnet_intuit_net.snmp.cisco_cseCPU,6/20/16 14:20,8
collectd.network.QCY-C.nx-os.N5kC5020pBf.ac4-storage-c-qcy__mgmt0_dcnet_intuit_net.snmp.cisco_cseCPU,6/20/16 14:20,12
collectd.network.QCY-C.nx-os.N5kC5020pBf.ac5-storage-c-qcy__mgmt0_dcnet_intuit_net.snmp.cisco_cseCPU,6/20/16 14:20,12
collectd.network.QCY-C.nx-os.N5kC5020pBf.ac6-storage-c-qcy__mgmt0_dcnet_intuit_net.snmp.cisco_cseCPU,6/20/16 14:20,12
collectd.network.QCY-C.nx-os.N5kC5020pBf.ac7-storage-c-qcy__mgmt0_dcnet_intuit_net.snmp.cisco_cseCPU,6/20/16 14:20,8
collectd.network.QCY-C.nx-os.N5kC5020pBf.ac8-storage-c-qcy__mgmt0_dcnet_intuit_net.snmp.cisco_cseCPU,6/20/16 14:20,4
collectd.network.QCY-C.nx-os.N5kC5020pBf.ac9-compute-c-qcy__mgmt0_dcnet_intuit_net.snmp.cisco_cseCPU,6/20/16 14:20,0
collectd.network.QCY-C.nx-os.N5kC5020pBf.ac9-storage-c-qcy__mgmt0_dcnet_intuit_net.snmp.cisco_cseCPU,6/20/16 14:20,
collectd.network.QCY-C.nx-os.N5kC5548p.ac11-storage-c-qcy__mgmt0_dcnet_intuit_net.snmp.cisco_cseCPU,6/20/16 14:20,2
collectd.network.QCY-C.nx-os.N5kC5548p.ac12-storage-c-qcy__mgmt0_dcnet_intuit_net.snmp.cisco_cseCPU,6/20/16 14:20,
collectd.network.QCY-C.nx-os.N5kC5548p.ac15-compute-c-qcy__mgmt0_dcnet_intuit_net.snmp.cisco_cseCPU,6/20/16 14:20,2
collectd.network.QCY-C.nx-os.N5kC5548p.ac16-compute-c-qcy__mgmt0_dcnet_intuit_net.snmp.cisco_cseCPU,6/20/16 14:20,6
collectd.network.QCY-C.nx-os.N5kC5596Up.ac1-compute-c-qcy__mgmt0_dcnet_intuit_net.snmp.cisco_cseCPU,6/20/16 14:20,2
collectd.network.QCY-C.nx-os.N5kC5596Up.ac13-storage-c-qcy__mgmt0_dcnet_intuit_net.snmp.cisco_cseCPU,6/20/16 14:20,0
collectd.network.QCY-C.nx-os.N5kC5596Up.ac14-storage-c-qcy__mgmt0_dcnet_intuit_net.snmp.cisco_cseCPU,6/20/16 14:20,
collectd.network.QCY-C.nx-os.N5kC5596Up.ac15-storage-c-qcy__mgmt0_dcnet_intuit_net.snmp.cisco_cseCPU,6/20/16 14:20,0
collectd.network.QCY-C.nx-os.N5kC5596Up.ac16-storage-c-qcy__mgmt0_dcnet_intuit_net.snmp.cisco_cseCPU,6/20/16 14:20,4
collectd.network.QCY-C.nx-os.N5kC5596Up.ac17-storage-c-qcy__mgmt0_dcnet_intuit_net.snmp.cisco_cseCPU,6/20/16 14:20,0
collectd.network.QCY-C.nx-os.N5kC5596Up.ac18-storage-c-qcy__mgmt0_dcnet_intuit_net.snmp.cisco_cseCPU,6/20/16 14:20,13
collectd.network.QCY-C.nx-os.N5kC5596Up.ac19-compute-c-qcy__mgmt0_dcnet_intuit_net.snmp.cisco_cseCPU,6/20/16 14:20,10
collectd.network.QCY-C.nx-os.N5kC5596Up.ac2-compute-c-qcy__mgmt0_dcnet_intuit_net.snmp.cisco_cseCPU,6/20/16 14:20,0
collectd.network.QCY-C.nx-os.N5kC5596Up.ac20-compute-c-qcy__mgmt0_dcnet_intuit_net.snmp.cisco_cseCPU,6/20/16 14:20,0
collectd.network.QCY-C.nx-os.N5kC5596Up.ac21-compute-c-qcy__mgmt0_dcnet_intuit_net.snmp.cisco_cseCPU,6/20/16 14:20,2
collectd.network.QCY-C.nx-os.N5kC5596Up.ac22-compute-c-qcy__mgmt0_dcnet_intuit_net.snmp.cisco_cseCPU,6/20/16 14:20,2
collectd.network.QCY-C.nx-os.N5kC5596Up.ac25-compute-c-qcy__mgmt0_dcnet_intuit_net.snmp.cisco_cseCPU,6/20/16 14:20,
collectd.network.QCY-C.nx-os.N5kC5596Up.ac26-compute-c-qcy__mgmt0_dcnet_intuit_net.snmp.cisco_cseCPU,6/20/16 14:20,2
collectd.network.QCY-C.nx-os.N5kC5596Up.ac27-compute-c-qcy__mgmt0_dcnet_intuit_net.snmp.cisco_cseCPU,6/20/16 14:20,0
collectd.network.QCY-C.nx-os.N5kC5596Up.ac28-compute-c-qcy__mgmt0_dcnet_intuit_net.snmp.cisco_cseCPU,6/20/16 14:20,0
collectd.network.QCY-C.nx-os.N5kC5596Up.ac29-compute-bd-c-qcy__mgmt0_dcnet_intuit_net.snmp.cisco_cseCPU,6/20/16 14:20,1
collectd.network.QCY-C.nx-os.N5kC5596Up.ac29-compute-c-qcy__mgmt0_dcnet_intuit_net.snmp.cisco_cseCPU,6/20/16 14:20,0
collectd.network.QCY-C.nx-os.N5kC5596Up.ac3-compute-c-qcy__mgmt0_dcnet_intuit_net.snmp.cisco_cseCPU,6/20/16 14:20,0
collectd.network.QCY-C.nx-os.N5kC5596Up.ac30-compute-bd-c-qcy__mgmt0_dcnet_intuit_net.snmp.cisco_cseCPU,6/20/16 14:20,0
collectd.network.QCY-C.nx-os.N5kC5596Up.ac30-compute-c-qcy__mgmt0_dcnet_intuit_net.snmp.cisco_cseCPU,6/20/16 14:20,0
collectd.network.QCY-C.nx-os.N5kC5596Up.ac31-compute-bd-c-qcy__mgmt0_dcnet_intuit_net.snmp.cisco_cseCPU,6/20/16 14:20,0
collectd.network.QCY-C.nx-os.N5kC5596Up.ac32-compute-bd-c-qcy__mgmt0_dcnet_intuit_net.snmp.cisco_cseCPU,6/20/16 14:20,0
collectd.network.QCY-C.nx-os.N5kC5596Up.ac4-compute-c-qcy__mgmt0_dcnet_intuit_net.snmp.cisco_cseCPU,6/20/16 14:20,1
collectd.network.QCY-C.nx-os.N5kC5596Up.ac5-compute-c-qcy__mgmt0_dcnet_intuit_net.snmp.cisco_cseCPU,6/20/16 14:20,2
collectd.network.QCY-C.nx-os.N5kC5596Up.ac6-compute-c-qcy__mgmt0_dcnet_intuit_net.snmp.cisco_cseCPU,6/20/16 14:20,0
collectd.network.QCY-C.nx-os.N5kC5596Up.ac7-compute-c-qcy__mgmt0_dcnet_intuit_net.snmp.cisco_cseCPU,6/20/16 14:20,16
collectd.network.QCY-C.nx-os.N5kC5596Up.ac8-compute-c-qcy__mgmt0_dcnet_intuit_net.snmp.cisco_cseCPU,6/20/16 14:20,2
collectd.network.QCY-C.nx-os.N77c7710.di1-c-qcy__mgmt0_dcnet_intuit_net.snmp.cisco_cseCPU,6/20/16 14:20,10
collectd.network.QCY-C.nx-os.N77c7710.di2-c-qcy__mgmt0_dcnet_intuit_net.snmp.cisco_cseCPU,6/20/16 14:20,6
collectd.network.QCY-C.nx-os.N77c7710.qdc-c-di01-admin__mgmt0_dcnet_intuit_net.snmp.cisco_cseCPU,6/20/16 14:20,4
collectd.network.QCY-C.nx-os.N77c7710.qdc-c-di02-admin__mgmt0_dcnet_intuit_net.snmp.cisco_cseCPU,6/20/16 14:20,4
collectd.network.QCY-C.nx-os.N77c7710.sc1-c-qcy__mgmt0_dcnet_intuit_net.snmp.cisco_cseCPU,6/20/16 14:20,9
collectd.network.QCY-C.nx-os.N77c7710.sc2-c-qcy__mgmt0_dcnet_intuit_net.snmp.cisco_cseCPU,6/20/16 14:20,3
collectd.network.QCY-C.nx-os.N9KC9372PX.qcy-iae-di1__mgmt0_dcnet_intuit_net.snmp.cisco_cseCPU,6/20/16 14:20,8
collectd.network.QCY-C.nx-os.N9KC9372PX.qcy-iae-di2__mgmt0_dcnet_intuit_net.snmp.cisco_cseCPU,6/20/16 14:20,6
collectd.network.QCY-C.nx-os.N9KC9372PX.qcy-iae-sc1__mgmt0_dcnet_intuit_net.snmp.cisco_cseCPU,6/20/16 14:20,2
collectd.network.QCY-C.nx-os.N9KC9372PX.qcy-iae-sc2__mgmt0_dcnet_intuit_net.snmp.cisco_cseCPU,6/20/16 14:20,8
collectd.network.QCY-C.nx-os.m9513.qyfcsw02a_corp_intuit_net.snmp.cisco_cseCPU,6/20/16 14:20,78
collectd.network.QCY-C.nx-os.m9513.qyfcsw02b_corp_intuit_net.snmp.cisco_cseCPU,6/20/16 14:20,76
collectd.network.QCY-C.nae.Ingrian.nc-qpr-gen-enc1-gb1_corp_intuit_net.snmp.nae_naeSystemStatCPU,6/20/16 14:20,19
collectd.network.QCY-C.nae.Ingrian.nc-qpr-gen-enc2-gb1_corp_intuit_net.snmp.nae_naeSystemStatCPU,6/20/16 14:20,26
collectd.network.QCY-C.nae.Ingrian.nc-qpr-gen-enc3-gb1_corp_intuit_net.snmp.nae_naeSystemStatCPU,6/20/16 14:20,100
collectd.network.QCY-C.nae.Ingrian.nc-qpr-gen-enc4-gb1_corp_intuit_net.snmp.nae_naeSystemStatCPU,6/20/16 14:20,100
collectd.network.QCY-D.nx-os.N5kC5596Up.qdc-pl01-rtr01__lo222_dcnet_intuit_net.snmp.cisco_cseCPU,6/20/16 14:20,12
collectd.network.QCY-D.nx-os.N5kC5596Up.qdc-pl01-rtr02__lo222_dcnet_intuit_net.snmp.cisco_cseCPU,6/20/16 14:20,59
collectd.network.QCY-D.nx-os.N5kC5596Up.qdc-sl01-rtr01__lo222_dcnet_intuit_net.snmp.cisco_cseCPU,6/20/16 14:20,0
collectd.network.QCY-D.nx-os.N5kC5596Up.qdc-sl01-rtr02__lo222_dcnet_intuit_net.snmp.cisco_cseCPU,6/20/16 14:20,0
collectd.network.QCY-D.nx-os.N7Kc7010.qdc-spn-rtr01__lo200_dcnet_intuit_net.snmp.cisco_cseCPU,6/20/16 14:20,0
collectd.network.QCY-D.nx-os.N7Kc7010.qdc-spn-rtr02__lo200_dcnet_intuit_net.snmp.cisco_cseCPU,6/20/16 14:20,0
collectd.network.QCY-E.nx-os.1410.qdc-e-acib01__mgmt0_dcnet_intuit_net.snmp.cisco_cseCPU,6/20/16 14:20,3
collectd.network.QCY-E.nx-os.1410.qdc-e-acib02__mgmt0_dcnet_intuit_net.snmp.cisco_cseCPU,6/20/16 14:20,0
collectd.network.QCY-E.nx-os.1410.qdc-e-acib03__mgmt0_dcnet_intuit_net.snmp.cisco_cseCPU,6/20/16 14:20,0
collectd.network.QCY-E.nx-os.1410.qdc-e-acib04__mgmt0_dcnet_intuit_net.snmp.cisco_cseCPU,6/20/16 14:20,0
collectd.network.QCY-E.nx-os.1410.qdc-e-acst01__mgmt0_dcnet_intuit_net.snmp.cisco_cseCPU,6/20/16 14:20,0
collectd.network.QCY-E.nx-os.1410.qdc-e-acst02__mgmt0_dcnet_intuit_net.snmp.cisco_cseCPU,6/20/16 14:20,0
collectd.network.QCY-E.nx-os.N6kC600164T.qdc-e-accmp001__mgmt0_dcnet_intuit_net.snmp.cisco_cseCPU,6/20/16 14:20,0
collectd.network.QCY-E.nx-os.N6kC600164T.qdc-e-accmp002__mgmt0_dcnet_intuit_net.snmp.cisco_cseCPU,6/20/16 14:20,0
collectd.network.QCY-E.nx-os.N6kC600164T.qdc-e-accmp003__mgmt0_dcnet_intuit_net.snmp.cisco_cseCPU,6/20/16 14:20,1
collectd.network.QCY-E.nx-os.N6kC600164T.qdc-e-accmp004__mgmt0_dcnet_intuit_net.snmp.cisco_cseCPU,6/20/16 14:20,0
collectd.network.QCY-E.nx-os.N6kC600164T.qdc-e-accmp005__mgmt0_dcnet_intuit_net.snmp.cisco_cseCPU,6/20/16 14:20,1
collectd.network.QCY-E.nx-os.N6kC600164T.qdc-e-accmp006__mgmt0_dcnet_intuit_net.snmp.cisco_cseCPU,6/20/16 14:20,0
collectd.network.QCY-E.nx-os.N6kC600164T.qdc-e-accmp007__mgmt0_dcnet_intuit_net.snmp.cisco_cseCPU,6/20/16 14:20,3
collectd.network.QCY-E.nx-os.N6kC600164T.qdc-e-accmp008__mgmt0_dcnet_intuit_net.snmp.cisco_cseCPU,6/20/16 14:20,0
collectd.network.QCY-E.nx-os.N6kC600164T.qdc-e-accmp009__mgmt0_dcnet_intuit_net.snmp.cisco_cseCPU,6/20/16 14:20,4
collectd.network.QCY-E.nx-os.N6kC600164T.qdc-e-accmp010__mgmt0_dcnet_intuit_net.snmp.cisco_cseCPU,6/20/16 14:20,0
collectd.network.QCY-E.nx-os.N6kC600164T.qdc-e-accmp011__mgmt0_dcnet_intuit_net.snmp.cisco_cseCPU,6/20/16 14:20,0
collectd.network.QCY-E.nx-os.N6kC600164T.qdc-e-accmp012__mgmt0_dcnet_intuit_net.snmp.cisco_cseCPU,6/20/16 14:20,0
collectd.network.QCY-E.nx-os.N6kC600164T.qdc-e-accmp013__mgmt0_dcnet_intuit_net.snmp.cisco_cseCPU,6/20/16 14:20,0
collectd.network.QCY-E.nx-os.N6kC600164T.qdc-e-accmp014__mgmt0_dcnet_intuit_net.snmp.cisco_cseCPU,6/20/16 14:20,0
collectd.network.QCY-E.nx-os.N6kC600164T.qdc-e-accmp015__mgmt0_dcnet_intuit_net.snmp.cisco_cseCPU,6/20/16 14:20,2
collectd.network.QCY-E.nx-os.N6kC600164T.qdc-e-accmp016__mgmt0_dcnet_intuit_net.snmp.cisco_cseCPU,6/20/16 14:20,3
collectd.network.QCY-E.nx-os.N6kC600164T.qdc-e-accmp017__mgmt0_dcnet_intuit_net.snmp.cisco_cseCPU,6/20/16 14:20,0
collectd.network.QCY-E.nx-os.N6kC600164T.qdc-e-accmp018__mgmt0_dcnet_intuit_net.snmp.cisco_cseCPU,6/20/16 14:20,1
collectd.network.QCY-E.nx-os.N6kC600164T.qdc-e-accmp019__mgmt0_dcnet_intuit_net.snmp.cisco_cseCPU,6/20/16 14:20,4
collectd.network.QCY-E.nx-os.N6kC600164T.qdc-e-accmp020__mgmt0_dcnet_intuit_net.snmp.cisco_cseCPU,6/20/16 14:20,0
collectd.network.QCY-E.nx-os.N6kC600164T.qdc-e-accmp021__mgmt0_dcnet_intuit_net.snmp.cisco_cseCPU,6/20/16 14:20,0
collectd.network.QCY-E.nx-os.N6kC600164T.qdc-e-accmp022__mgmt0_dcnet_intuit_net.snmp.cisco_cseCPU,6/20/16 14:20,2
collectd.network.QCY-E.nx-os.N6kC600164T.qdc-e-accmp023__mgmt0_dcnet_intuit_net.snmp.cisco_cseCPU,6/20/16 14:20,1
collectd.network.QCY-E.nx-os.N6kC600164T.qdc-e-accmp024__mgmt0_dcnet_intuit_net.snmp.cisco_cseCPU,6/20/16 14:20,3
collectd.network.QCY-E.nx-os.N6kC600164T.qdc-e-accmp025__mgmt0_dcnet_intuit_net.snmp.cisco_cseCPU,6/20/16 14:20,0
collectd.network.QCY-E.nx-os.N6kC600164T.qdc-e-accmp026__mgmt0_dcnet_intuit_net.snmp.cisco_cseCPU,6/20/16 14:20,0
collectd.network.QCY-E.nx-os.N6kC600164T.qdc-e-accmp027__mgmt0_dcnet_intuit_net.snmp.cisco_cseCPU,6/20/16 14:20,2
collectd.network.QCY-E.nx-os.N6kC600164T.qdc-e-accmp028__mgmt0_dcnet_intuit_net.snmp.cisco_cseCPU,6/20/16 14:20,2
collectd.network.QCY-E.nx-os.N6kC600164T.qdc-e-accmp029__mgmt0_dcnet_intuit_net.snmp.cisco_cseCPU,6/20/16 14:20,1
collectd.network.QCY-E.nx-os.N6kC600164T.qdc-e-accmp030__mgmt0_dcnet_intuit_net.snmp.cisco_cseCPU,6/20/16 14:20,0
collectd.network.QCY-E.nx-os.N6kC600164T.qdc-e-accmp031__mgmt0_dcnet_intuit_net.snmp.cisco_cseCPU,6/20/16 14:20,1
collectd.network.QCY-E.nx-os.N6kC600164T.qdc-e-accmp032__mgmt0_dcnet_intuit_net.snmp.cisco_cseCPU,6/20/16 14:20,0
collectd.network.QCY-E.nx-os.N6kC600164T.qdc-e-accmp033__mgmt0_dcnet_intuit_net.snmp.cisco_cseCPU,6/20/16 14:20,0
collectd.network.QCY-E.nx-os.N6kC600164T.qdc-e-accmp034__mgmt0_dcnet_intuit_net.snmp.cisco_cseCPU,6/20/16 14:20,1
collectd.network.QCY-E.nx-os.N6kC600164T.qdc-e-accmp035__mgmt0_dcnet_intuit_net.snmp.cisco_cseCPU,6/20/16 14:20,2
collectd.network.QCY-E.nx-os.N6kC600164T.qdc-e-accmp036__mgmt0_dcnet_intuit_net.snmp.cisco_cseCPU,6/20/16 14:20,3
collectd.network.QCY-E.nx-os.N77c7710.qdc-e-di01__mgmt0_dcnet_intuit_net.snmp.cisco_cseCPU,6/20/16 14:20,5
collectd.network.QCY-E.nx-os.N77c7710.qdc-e-di02__mgmt0_dcnet_intuit_net.snmp.cisco_cseCPU,6/20/16 14:20,10
collectd.network.QCY-E.nx-os.N77c7710.qdc-e-sc01__mgmt0_dcnet_intuit_net.snmp.cisco_cseCPU,6/20/16 14:20,2
collectd.network.QCY-E.nx-os.N77c7710.qdc-e-sc02__mgmt0_dcnet_intuit_net.snmp.cisco_cseCPU,6/20/16 14:20,4
collectd.network.QCY-E.nx-os.N9KC9396TX.qdc-e-accmp037__mgmt0_dcnet_intuit_net.snmp.cisco_cseCPU,6/20/16 14:20,2
collectd.network.QCY-E.nx-os.N9KC9396TX.qdc-e-accmp038__mgmt0_dcnet_intuit_net.snmp.cisco_cseCPU,6/20/16 14:20,5
collectd.network.QCY-E.nx-os.N9KC9396TX.qdc-e-accmp039__mgmt0_dcnet_intuit_net.snmp.cisco_cseCPU,6/20/16 14:20,3
collectd.network.QCY-E.nx-os.N9KC9396TX.qdc-e-accmp040__mgmt0_dcnet_intuit_net.snmp.cisco_cseCPU,6/20/16 14:20,2
collectd.network.QCY-E.nx-os.N9KC9396TX.qdc-e-accmp045__mgmt0_dcnet_intuit_net.snmp.cisco_cseCPU,6/20/16 14:20,31
collectd.network.QCY-E.nx-os.N9KC9396TX.qdc-e-accmp046__mgmt0_dcnet_intuit_net.snmp.cisco_cseCPU,6/20/16 14:20,28
collectd.network.QCY-E.nx-os.N9KC9396TX.qdc-e-accmp047__mgmt0_dcnet_intuit_net.snmp.cisco_cseCPU,6/20/16 14:20,3
collectd.network.QCY-E.nx-os.N9KC9396TX.qdc-e-accmp048__mgmt0_dcnet_intuit_net.snmp.cisco_cseCPU,6/20/16 14:20,7
collectd.network.QCY-E.nx-os.N9KC9396TX.qdc-e-accmp049__mgmt0_dcnet_intuit_net.snmp.cisco_cseCPU,6/20/16 14:20,4
collectd.network.QCY-E.nx-os.N9KC9396TX.qdc-e-accmp050__mgmt0_dcnet_intuit_net.snmp.cisco_cseCPU,6/20/16 14:20,10
collectd.network.QCY-A.ios.3560E48TD.ib3560-e01-a-qcy__vl912_dcnet_intuit_net.snmp.cisco_ciscoMemoryPoolFree,6/20/16 14:20,40104316
collectd.network.QCY-A.ios.37xxStack.cr1-ib-e1-qcy__vl912_dcnet_intuit_net.snmp.cisco_ciscoMemoryPoolFree,6/20/16 14:20,61057512
collectd.network.QCY-A.ios.37xxStack.cr1-ib-w1-qcy__vl912_dcnet_intuit_net.snmp.cisco_ciscoMemoryPoolFree,6/20/16 14:20,2666568
collectd.network.QCY-A.ios.37xxStack.pdu1-a-qcy__vl912_dcnet_intuit_net.snmp.cisco_ciscoMemoryPoolFree,6/20/16 14:20,62903584
collectd.network.QCY-A.ios.37xxStack.pdu2-a-qcy__vl912_dcnet_intuit_net.snmp.cisco_ciscoMemoryPoolFree,6/20/16 14:20,62558860
collectd.network.QCY-A.ios.37xxStack.pdu3-a-qcy__vl912_dcnet_intuit_net.snmp.cisco_ciscoMemoryPoolFree,6/20/16 14:20,62520680
collectd.network.QCY-A.ios.37xxStack.pdu4-a-qcy__vl912_dcnet_intuit_net.snmp.cisco_ciscoMemoryPoolFree,6/20/16 14:20,62240520
collectd.network.QCY-A.ios.37xxStack.pdu5-a-qcy__vl912_dcnet_intuit_net.snmp.cisco_ciscoMemoryPoolFree,6/20/16 14:20,62219312
collectd.network.QCY-A.ios.37xxStack.pdu6-a-qcy__vl912_dcnet_intuit_net.snmp.cisco_ciscoMemoryPoolFree,6/20/16 14:20,62551064
collectd.network.QCY-A.ios.37xxStack.pdu7-a-qcy__vl912_dcnet_intuit_net.snmp.cisco_ciscoMemoryPoolFree,6/20/16 14:20,62824560
collectd.network.QCY-A.ios.4948.ac5-pa-w1-qcy__vl912_dcnet_intuit_net.snmp.cisco_ciscoMemoryPoolFree,6/20/16 14:20,119662432
collectd.network.QCY-A.ios.4948.ac7-pa-w1-qcy__vl912_dcnet_intuit_net.snmp.cisco_ciscoMemoryPoolFree,6/20/16 14:20,119320936
collectd.network.QCY-A.ios.494810GE.ac1-pa-w1-qcy__vl912_dcnet_intuit_net.snmp.cisco_ciscoMemoryPoolFree,6/20/16 14:20,70720864
collectd.network.QCY-A.ios.494810GE.ac13-w1-qcy__vl912_dcnet_intuit_net.snmp.cisco_ciscoMemoryPoolFree,6/20/16 14:20,64331584
collectd.network.QCY-A.ios.494810GE.ac14-w1-qcy__vl912_dcnet_intuit_net.snmp.cisco_ciscoMemoryPoolFree,6/20/16 14:20,64353724
collectd.network.QCY-A.ios.494810GE.ac2-pa-e1-qcy__vl912_dcnet_intuit_net.snmp.cisco_ciscoMemoryPoolFree,6/20/16 14:20,70378448
collectd.network.QCY-A.ios.494810GE.ac3-pa-w1-qcy__vl912_dcnet_intuit_net.snmp.cisco_ciscoMemoryPoolFree,6/20/16 14:20,70664600
collectd.network.QCY-A.ios.494810GE.ac4-pa-e1-qcy__vl912_dcnet_intuit_net.snmp.cisco_ciscoMemoryPoolFree,6/20/16 14:20,70572308
collectd.network.QCY-A.ios-xe.ASR1001.gnvhe-qcy-2__gi0_corp_intuit_net.snmp.cisco_ciscoMemoryPoolFree,6/20/16 14:20,788682968
collectd.network.QCY-A.ios-xe.ASR1002.ifs-asr1-pa-qcy__gi0_prod_ifs_intuit_com.snmp.cisco_ciscoMemoryPoolFree,6/20/16 14:20,1393453512
collectd.network.QCY-A.ios-xe.ASR1002.ifs-asr2-pa-qcy__gi0_prod_ifs_intuit_com.snmp.cisco_ciscoMemoryPoolFree,6/20/16 14:20,1296373748
collectd.network.QCY-A.ios-xe.ASR1002.ipsec-rtr1-pa-qdc__gi0_dcnet_intuit_net.snmp.cisco_ciscoMemoryPoolFree,6/20/16 14:20,1315809344
collectd.network.QCY-A.ios-xe.ASR1002.ipsec-rtr2-pa-qdc__gi0_dcnet_intuit_net.snmp.cisco_ciscoMemoryPoolFree,6/20/16 14:20,1316050700
collectd.network.QCY-A.ios.3560E48TD.ib3560-e01-a-qcy__vl912_dcnet_intuit_net.snmp.cisco_ciscoMemoryPoolUsed,6/20/16 14:20,30312716
collectd.network.QCY-A.ios.37xxStack.cr1-ib-e1-qcy__vl912_dcnet_intuit_net.snmp.cisco_ciscoMemoryPoolUsed,6/20/16 14:20,26769676
collectd.network.QCY-A.ios.37xxStack.cr1-ib-w1-qcy__vl912_dcnet_intuit_net.snmp.cisco_ciscoMemoryPoolUsed,6/20/16 14:20,85160596
collectd.network.QCY-A.ios.37xxStack.pdu1-a-qcy__vl912_dcnet_intuit_net.snmp.cisco_ciscoMemoryPoolUsed,6/20/16 14:20,26992180
collectd.network.QCY-A.ios.37xxStack.pdu2-a-qcy__vl912_dcnet_intuit_net.snmp.cisco_ciscoMemoryPoolUsed,6/20/16 14:20,27336912
collectd.network.QCY-A.ios.37xxStack.pdu3-a-qcy__vl912_dcnet_intuit_net.snmp.cisco_ciscoMemoryPoolUsed,6/20/16 14:20,27375092
collectd.network.QCY-A.ios.37xxStack.pdu4-a-qcy__vl912_dcnet_intuit_net.snmp.cisco_ciscoMemoryPoolUsed,6/20/16 14:20,27655224
collectd.network.QCY-A.ios.37xxStack.pdu5-a-qcy__vl912_dcnet_intuit_net.snmp.cisco_ciscoMemoryPoolUsed,6/20/16 14:20,27676464
collectd.network.QCY-A.ios.37xxStack.pdu6-a-qcy__vl912_dcnet_intuit_net.snmp.cisco_ciscoMemoryPoolUsed,6/20/16 14:20,27344708
collectd.network.QCY-A.ios.37xxStack.pdu7-a-qcy__vl912_dcnet_intuit_net.snmp.cisco_ciscoMemoryPoolUsed,6/20/16 14:20,27071160
collectd.network.QCY-A.ios.4948.ac5-pa-w1-qcy__vl912_dcnet_intuit_net.snmp.cisco_ciscoMemoryPoolUsed,6/20/16 14:20,111053016
collectd.network.QCY-A.ios.4948.ac7-pa-w1-qcy__vl912_dcnet_intuit_net.snmp.cisco_ciscoMemoryPoolUsed,6/20/16 14:20,111394512
collectd.network.QCY-A.ios.494810GE.ac1-pa-w1-qcy__vl912_dcnet_intuit_net.snmp.cisco_ciscoMemoryPoolUsed,6/20/16 14:20,150783632
collectd.network.QCY-A.ios.494810GE.ac13-w1-qcy__vl912_dcnet_intuit_net.snmp.cisco_ciscoMemoryPoolUsed,6/20/16 14:20,152102884
collectd.network.QCY-A.ios.494810GE.ac14-w1-qcy__vl912_dcnet_intuit_net.snmp.cisco_ciscoMemoryPoolUsed,6/20/16 14:20,152080732
collectd.network.QCY-A.ios.494810GE.ac2-pa-e1-qcy__vl912_dcnet_intuit_net.snmp.cisco_ciscoMemoryPoolUsed,6/20/16 14:20,151126052
collectd.network.QCY-A.ios.494810GE.ac3-pa-w1-qcy__vl912_dcnet_intuit_net.snmp.cisco_ciscoMemoryPoolUsed,6/20/16 14:20,150839904
collectd.network.QCY-A.ios.494810GE.ac4-pa-e1-qcy__vl912_dcnet_intuit_net.snmp.cisco_ciscoMemoryPoolUsed,6/20/16 14:20,150932188
collectd.network.QCY-A.ios-xe.ASR1001.gnvhe-qcy-2__gi0_corp_intuit_net.snmp.cisco_ciscoMemoryPoolUsed,6/20/16 14:20,394621272
collectd.network.QCY-A.ios-xe.ASR1002.ifs-asr1-pa-qcy__gi0_prod_ifs_intuit_com.snmp.cisco_ciscoMemoryPoolUsed,6/20/16 14:20,347408860
collectd.network.QCY-A.ios-xe.ASR1002.ifs-asr2-pa-qcy__gi0_prod_ifs_intuit_com.snmp.cisco_ciscoMemoryPoolUsed,6/20/16 14:20,444488624
collectd.network.QCY-A.ios-xe.ASR1002.ipsec-rtr1-pa-qdc__gi0_dcnet_intuit_net.snmp.cisco_ciscoMemoryPoolUsed,6/20/16 14:20,425053028
collectd.network.QCY-A.ios-xe.ASR1002.ipsec-rtr2-pa-qdc__gi0_dcnet_intuit_net.snmp.cisco_ciscoMemoryPoolUsed,6/20/16 14:20,424811672
collectd.network.QCY-A.nx-os.N5kC5020pBf.ac1-agg-w1-qcy__mgmt0_dcnet_intuit_net.snmp.cisco_cseMemory,6/20/16 14:20,70
collectd.network.QCY-A.nx-os.N5kC5020pBf.ac15-stor-w1-qcy__mgmt0_dcnet_intuit_net.snmp.cisco_cseMemory,6/20/16 14:20,65
collectd.network.QCY-A.nx-os.N5kC5020pBf.ac16-stor-w1-qcy__mgmt0_dcnet_intuit_net.snmp.cisco_cseMemory,6/20/16 14:20,64
collectd.network.QCY-A.nx-os.N5kC5020pBf.ac2-agg-w1-qcy__mgmt0_dcnet_intuit_net.snmp.cisco_cseMemory,6/20/16 14:20,69
collectd.network.QCY-A.nx-os.N5kC5596Up.ac3-agg-w1-qcy__mgmt0_dcnet_intuit_net.snmp.cisco_cseMemory,6/20/16 14:20,22
collectd.network.QCY-A.nx-os.N5kC5596Up.ac4-agg-w1-qcy__mgmt0_dcnet_intuit_net.snmp.cisco_cseMemory,6/20/16 14:20,22
collectd.network.QCY-A.nx-os.N7Kc7010.ac1-w1-qcy__mgmt0_dcnet_intuit_net.snmp.cisco_cseMemory,6/20/16 14:20,39
collectd.network.QCY-A.nx-os.N7Kc7010.ac2-w1-qcy__mgmt0_dcnet_intuit_net.snmp.cisco_cseMemory,6/20/16 14:20,39
collectd.network.QCY-A.nx-os.N7Kc7010.ac3-w1-qcy__mgmt0_dcnet_intuit_net.snmp.cisco_cseMemory,6/20/16 14:20,40
collectd.network.QCY-A.nx-os.N7Kc7010.ac4-w1-qcy__mgmt0_dcnet_intuit_net.snmp.cisco_cseMemory,6/20/16 14:20,40
collectd.network.QCY-A.nx-os.N7Kc7010.ac5-w1-qcy__mgmt0_dcnet_intuit_net.snmp.cisco_cseMemory,6/20/16 14:20,40
collectd.network.QCY-A.nx-os.N7Kc7010.ac6-w1-qcy__mgmt0_dcnet_intuit_net.snmp.cisco_cseMemory,6/20/16 14:20,40
collectd.network.QCY-A.nx-os.N7Kc7010.ac7-w1-qcy__mgmt0_dcnet_intuit_net.snmp.cisco_cseMemory,6/20/16 14:20,39
collectd.network.QCY-A.nx-os.N7Kc7010.ac8-w1-qcy__mgmt0_dcnet_intuit_net.snmp.cisco_cseMemory,6/20/16 14:20,48
collectd.network.QCY-A.nx-os.N7Kc7010.di1-m-w1-qcy__mgmt0_dcnet_intuit_net.snmp.cisco_cseMemory,6/20/16 14:20,41
collectd.network.QCY-A.nx-os.N7Kc7010.di1-n-w1-qcy__mgmt0_dcnet_intuit_net.snmp.cisco_cseMemory,6/20/16 14:20,41
collectd.network.QCY-A.nx-os.N7Kc7010.di1-p-w1-qcy__mgmt0_dcnet_intuit_net.snmp.cisco_cseMemory,6/20/16 14:20,41
collectd.network.QCY-A.nx-os.N7Kc7010.di1-s-w1-qcy__mgmt0_dcnet_intuit_net.snmp.cisco_cseMemory,6/20/16 14:20,41
collectd.network.QCY-A.nx-os.N7Kc7010.di2-m-w1-qcy__mgmt0_dcnet_intuit_net.snmp.cisco_cseMemory,6/20/16 14:20,40
collectd.network.QCY-A.nx-os.N7Kc7010.di2-n-w1-qcy__mgmt0_dcnet_intuit_net.snmp.cisco_cseMemory,6/20/16 14:20,40
collectd.network.QCY-A.nx-os.N7Kc7010.di2-p-w1-qcy__mgmt0_dcnet_intuit_net.snmp.cisco_cseMemory,6/20/16 14:20,40
collectd.network.QCY-A.nx-os.N7Kc7010.di2-s-w1-qcy__mgmt0_dcnet_intuit_net.snmp.cisco_cseMemory,6/20/16 14:20,40
collectd.network.QCY-A.nx-os.N7Kc7018.ac10-w1-qcy__mgmt0_dcnet_intuit_net.snmp.cisco_cseMemory,6/20/16 14:20,40
collectd.network.QCY-A.nx-os.N7Kc7018.ac11-w1-qcy__mgmt0_dcnet_intuit_net.snmp.cisco_cseMemory,6/20/16 14:20,52
collectd.network.QCY-A.nx-os.N7Kc7018.ac12-w1-qcy__mgmt0_dcnet_intuit_net.snmp.cisco_cseMemory,6/20/16 14:20,39
collectd.network.QCY-A.nx-os.N7Kc7018.ac9-w1-qcy__mgmt0_dcnet_intuit_net.snmp.cisco_cseMemory,6/20/16 14:20,40
collectd.network.QCY-A.nx-os.N7Kc7018.cr1-b-w1-qcy__mgmt0_dcnet_intuit_net.snmp.cisco_cseMemory,6/20/16 14:20,16
collectd.network.QCY-A.nx-os.N7Kc7018.cr1-f-w1-qcy__mgmt0_dcnet_intuit_net.snmp.cisco_cseMemory,6/20/16 14:20,15
collectd.network.QCY-A.nx-os.N7Kc7018.cr2-b-w1-qcy__mgmt0_dcnet_intuit_net.snmp.cisco_cseMemory,6/20/16 14:20,15
collectd.network.QCY-A.nx-os.N7Kc7018.cr2-f-w1-qcy__mgmt0_dcnet_intuit_net.snmp.cisco_cseMemory,6/20/16 14:20,15
collectd.network.QCY-A.nx-os.m9513.qyfcsw01a_bos_intuit_net.snmp.cisco_cseMemory,6/20/16 14:20,75
collectd.network.QCY-A.nx-os.m9513.qyfcsw01b_bos_intuit_net.snmp.cisco_cseMemory,6/20/16 14:20,76
collectd.network.QCY-A.ironport.S370.qypprdproxywa01_ie_intuit_net.snmp.ironport_perCentMemoryUtilization,6/20/16 14:20,73
collectd.network.QCY-A.ironport.S370.qypprdproxywa02_ie_intuit_net.snmp.ironport_perCentMemoryUtilization,6/20/16 14:20,63
collectd.network.QCY-B.ios.3845.ac6-oob3845-w2-qcy__gi3-0_dcnet_intuit_net.snmp.cisco_ciscoMemoryPoolFree,6/20/16 14:20,
collectd.network.QCY-B.ios.494810GE.ac1-w2-qcy__vl671_dcnet_intuit_net.snmp.cisco_ciscoMemoryPoolFree,6/20/16 14:20,63777764
collectd.network.QCY-B.ios.494810GE.ac10-w2-qcy__vl671_dcnet_intuit_net.snmp.cisco_ciscoMemoryPoolFree,6/20/16 14:20,62928412
collectd.network.QCY-B.ios.494810GE.ac11-w2-qcy__vl671_dcnet_intuit_net.snmp.cisco_ciscoMemoryPoolFree,6/20/16 14:20,63870804
collectd.network.QCY-B.ios.494810GE.ac12-w2-qcy__vl671_dcnet_intuit_net.snmp.cisco_ciscoMemoryPoolFree,6/20/16 14:20,62736240
collectd.network.QCY-B.ios.494810GE.ac13-w2-qcy__vl671_dcnet_intuit_net.snmp.cisco_ciscoMemoryPoolFree,6/20/16 14:20,62558200
collectd.network.QCY-B.ios.494810GE.ac14-w2-qcy__vl671_dcnet_intuit_net.snmp.cisco_ciscoMemoryPoolFree,6/20/16 14:20,62672468
collectd.network.QCY-B.ios.494810GE.ac15-w2-qcy__vl671_dcnet_intuit_net.snmp.cisco_ciscoMemoryPoolFree,6/20/16 14:20,62717564
collectd.network.QCY-B.ios.494810GE.ac16-w2-qcy__vl671_dcnet_intuit_net.snmp.cisco_ciscoMemoryPoolFree,6/20/16 14:20,65049168
collectd.network.QCY-B.ios.494810GE.ac17-w2-qcy__vl671_dcnet_intuit_net.snmp.cisco_ciscoMemoryPoolFree,6/20/16 14:20,63050508
collectd.network.QCY-B.ios.494810GE.ac18-w2-qcy__vl671_dcnet_intuit_net.snmp.cisco_ciscoMemoryPoolFree,6/20/16 14:20,62797200
collectd.network.QCY-B.ios.494810GE.ac19-w2-qcy__vl671_dcnet_intuit_net.snmp.cisco_ciscoMemoryPoolFree,6/20/16 14:20,62973540
collectd.network.QCY-B.ios.494810GE.ac2-w2-qcy__vl671_dcnet_intuit_net.snmp.cisco_ciscoMemoryPoolFree,6/20/16 14:20,62585180
collectd.network.QCY-B.ios.494810GE.ac20-w2-qcy__vl671_dcnet_intuit_net.snmp.cisco_ciscoMemoryPoolFree,6/20/16 14:20,62838896
collectd.network.QCY-B.ios.494810GE.ac21-w2-qcy__vl671_dcnet_intuit_net.snmp.cisco_ciscoMemoryPoolFree,6/20/16 14:20,65157012
collectd.network.QCY-B.ios.494810GE.ac22-w2-qcy__vl671_dcnet_intuit_net.snmp.cisco_ciscoMemoryPoolFree,6/20/16 14:20,63165364
collectd.network.QCY-B.ios.494810GE.ac23-w2-qcy__vl671_dcnet_intuit_net.snmp.cisco_ciscoMemoryPoolFree,6/20/16 14:20,63013152
collectd.network.QCY-B.ios.494810GE.ac24-w2-qcy_v_l671_dcnet_intuit_net.snmp.cisco_ciscoMemoryPoolFree,6/20/16 14:20,62878856
collectd.network.QCY-B.ios.494810GE.ac25-w2-qcy__vl671_dcnet_intuit_net.snmp.cisco_ciscoMemoryPoolFree,6/20/16 14:20,63027804
collectd.network.QCY-B.ios.494810GE.ac26-w2-qcy__vl671_dcnet_intuit_net.snmp.cisco_ciscoMemoryPoolFree,6/20/16 14:20,64958524
collectd.network.QCY-B.ios.494810GE.ac27-w2-qcy__vl671_dcnet_intuit_net.snmp.cisco_ciscoMemoryPoolFree,6/20/16 14:20,62909316
collectd.network.QCY-B.ios.494810GE.ac28-w2-qcy__vl671_dcnet_intuit_net.snmp.cisco_ciscoMemoryPoolFree,6/20/16 14:20,63003908
collectd.network.QCY-B.ios.494810GE.ac29-w2-qcy__vl671_dcnet_intuit_net.snmp.cisco_ciscoMemoryPoolFree,6/20/16 14:20,62986664
collectd.network.QCY-B.ios.494810GE.ac3-w2-qcy__vl671_dcnet_intuit_net.snmp.cisco_ciscoMemoryPoolFree,6/20/16 14:20,62629188
collectd.network.QCY-B.ios.494810GE.ac30-w2-qcy__vl671_dcnet_intuit_net.snmp.cisco_ciscoMemoryPoolFree,6/20/16 14:20,63254728
collectd.network.QCY-B.ios.494810GE.ac4-w2-qcy__vl671_dcnet_intuit_net.snmp.cisco_ciscoMemoryPoolFree,6/20/16 14:20,62513136
collectd.network.QCY-B.ios.494810GE.ac5-w2-qcy__vl671_dcnet_intuit_net.snmp.cisco_ciscoMemoryPoolFree,6/20/16 14:20,62787564
collectd.network.QCY-B.ios.494810GE.ac6-w2-qcy__vl671_dcnet_intuit_net.snmp.cisco_ciscoMemoryPoolFree,6/20/16 14:20,63835500
collectd.network.QCY-B.ios.494810GE.ac7-w2-qcy__vl671_dcnet_intuit_net.snmp.cisco_ciscoMemoryPoolFree,6/20/16 14:20,62888680
collectd.network.QCY-B.ios.494810GE.ac75-agg-w2-qcy__vl671_dcnet_intuit_net.snmp.cisco_ciscoMemoryPoolFree,6/20/16 14:20,80535628
collectd.network.QCY-B.ios.494810GE.ac76-agg-w2-qcy__vl671_dcnet_intuit_net.snmp.cisco_ciscoMemoryPoolFree,6/20/16 14:20,80572568
collectd.network.QCY-B.ios.494810GE.ac8-w2-qcy__vl671_dcnet_intuit_net.snmp.cisco_ciscoMemoryPoolFree,6/20/16 14:20,62876756
collectd.network.QCY-B.ios.494810GE.ac9-w2-qcy__vl671_dcnet_intuit_net.snmp.cisco_ciscoMemoryPoolFree,6/20/16 14:20,62647524
collectd.network.QCY-B.ios.NmeX24Es1GeNoPwr.ac6-ib3750-w2-qcy__vl671_dcnet_intuit_net.snmp.cisco_ciscoMemoryPoolFree,6/20/16 14:20,365408044
collectd.network.QCY-B.ios.3845.ac6-oob3845-w2-qcy__gi3-0_dcnet_intuit_net.snmp.cisco_ciscoMemoryPoolUsed,6/20/16 14:20,
collectd.network.QCY-B.ios.494810GE.ac1-w2-qcy__vl671_dcnet_intuit_net.snmp.cisco_ciscoMemoryPoolUsed,6/20/16 14:20,152656684
collectd.network.QCY-B.ios.494810GE.ac10-w2-qcy__vl671_dcnet_intuit_net.snmp.cisco_ciscoMemoryPoolUsed,6/20/16 14:20,153506044
collectd.network.QCY-B.ios.494810GE.ac11-w2-qcy__vl671_dcnet_intuit_net.snmp.cisco_ciscoMemoryPoolUsed,6/20/16 14:20,152563676
collectd.network.QCY-B.ios.494810GE.ac12-w2-qcy__vl671_dcnet_intuit_net.snmp.cisco_ciscoMemoryPoolUsed,6/20/16 14:20,153698216
collectd.network.QCY-B.ios.494810GE.ac13-w2-qcy__vl671_dcnet_intuit_net.snmp.cisco_ciscoMemoryPoolUsed,6/20/16 14:20,153876244
collectd.network.QCY-B.ios.494810GE.ac14-w2-qcy__vl671_dcnet_intuit_net.snmp.cisco_ciscoMemoryPoolUsed,6/20/16 14:20,153761984
collectd.network.QCY-B.ios.494810GE.ac15-w2-qcy__vl671_dcnet_intuit_net.snmp.cisco_ciscoMemoryPoolUsed,6/20/16 14:20,153716896
collectd.network.QCY-B.ios.494810GE.ac16-w2-qcy__vl671_dcnet_intuit_net.snmp.cisco_ciscoMemoryPoolUsed,6/20/16 14:20,151385304
collectd.network.QCY-B.ios.494810GE.ac17-w2-qcy__vl671_dcnet_intuit_net.snmp.cisco_ciscoMemoryPoolUsed,6/20/16 14:20,153383952
collectd.network.QCY-B.ios.494810GE.ac18-w2-qcy__vl671_dcnet_intuit_net.snmp.cisco_ciscoMemoryPoolUsed,6/20/16 14:20,153637256
collectd.network.QCY-B.ios.494810GE.ac19-w2-qcy__vl671_dcnet_intuit_net.snmp.cisco_ciscoMemoryPoolUsed,6/20/16 14:20,153460916
collectd.network.QCY-B.ios.494810GE.ac2-w2-qcy__vl671_dcnet_intuit_net.snmp.cisco_ciscoMemoryPoolUsed,6/20/16 14:20,153849276
collectd.network.QCY-B.ios.494810GE.ac20-w2-qcy__vl671_dcnet_intuit_net.snmp.cisco_ciscoMemoryPoolUsed,6/20/16 14:20,153595560
collectd.network.QCY-B.ios.494810GE.ac21-w2-qcy__vl671_dcnet_intuit_net.snmp.cisco_ciscoMemoryPoolUsed,6/20/16 14:20,151277436
collectd.network.QCY-B.ios.494810GE.ac22-w2-qcy__vl671_dcnet_intuit_net.snmp.cisco_ciscoMemoryPoolUsed,6/20/16 14:20,153269080
collectd.network.QCY-B.ios.494810GE.ac23-w2-qcy__vl671_dcnet_intuit_net.snmp.cisco_ciscoMemoryPoolUsed,6/20/16 14:20,153421304
collectd.network.QCY-B.ios.494810GE.ac24-w2-qcy_v_l671_dcnet_intuit_net.snmp.cisco_ciscoMemoryPoolUsed,6/20/16 14:20,153555600
collectd.network.QCY-B.ios.494810GE.ac25-w2-qcy__vl671_dcnet_intuit_net.snmp.cisco_ciscoMemoryPoolUsed,6/20/16 14:20,153406652
collectd.network.QCY-B.ios.494810GE.ac26-w2-qcy__vl671_dcnet_intuit_net.snmp.cisco_ciscoMemoryPoolUsed,6/20/16 14:20,151475932
collectd.network.QCY-B.ios.494810GE.ac27-w2-qcy__vl671_dcnet_intuit_net.snmp.cisco_ciscoMemoryPoolUsed,6/20/16 14:20,153525140
collectd.network.QCY-B.ios.494810GE.ac28-w2-qcy__vl671_dcnet_intuit_net.snmp.cisco_ciscoMemoryPoolUsed,6/20/16 14:20,153430548
collectd.network.QCY-B.ios.494810GE.ac29-w2-qcy__vl671_dcnet_intuit_net.snmp.cisco_ciscoMemoryPoolUsed,6/20/16 14:20,153447792
collectd.network.QCY-B.ios.494810GE.ac3-w2-qcy__vl671_dcnet_intuit_net.snmp.cisco_ciscoMemoryPoolUsed,6/20/16 14:20,153805268
collectd.network.QCY-B.ios.494810GE.ac30-w2-qcy__vl671_dcnet_intuit_net.snmp.cisco_ciscoMemoryPoolUsed,6/20/16 14:20,153179728
collectd.network.QCY-B.ios.494810GE.ac4-w2-qcy__vl671_dcnet_intuit_net.snmp.cisco_ciscoMemoryPoolUsed,6/20/16 14:20,153921320
collectd.network.QCY-B.ios.494810GE.ac5-w2-qcy__vl671_dcnet_intuit_net.snmp.cisco_ciscoMemoryPoolUsed,6/20/16 14:20,153646892
collectd.network.QCY-B.ios.494810GE.ac6-w2-qcy__vl671_dcnet_intuit_net.snmp.cisco_ciscoMemoryPoolUsed,6/20/16 14:20,152598948
collectd.network.QCY-B.ios.494810GE.ac7-w2-qcy__vl671_dcnet_intuit_net.snmp.cisco_ciscoMemoryPoolUsed,6/20/16 14:20,153545776
collectd.network.QCY-B.ios.494810GE.ac75-agg-w2-qcy__vl671_dcnet_intuit_net.snmp.cisco_ciscoMemoryPoolUsed,6/20/16 14:20,129256984
collectd.network.QCY-B.ios.494810GE.ac76-agg-w2-qcy__vl671_dcnet_intuit_net.snmp.cisco_ciscoMemoryPoolUsed,6/20/16 14:20,129220044
collectd.network.QCY-B.ios.494810GE.ac8-w2-qcy__vl671_dcnet_intuit_net.snmp.cisco_ciscoMemoryPoolUsed,6/20/16 14:20,153557700
collectd.network.QCY-B.ios.494810GE.ac9-w2-qcy__vl671_dcnet_intuit_net.snmp.cisco_ciscoMemoryPoolUsed,6/20/16 14:20,153786916
collectd.network.QCY-B.ios.NmeX24Es1GeNoPwr.ac6-ib3750-w2-qcy__vl671_dcnet_intuit_net.snmp.cisco_ciscoMemoryPoolUsed,6/20/16 14:20,171462868
collectd.network.QCY-B.nx-os.N5kC5020pBf.ac1-agg-w2-qcy__mgmt0_dcnet_intuit_net.snmp.cisco_cseMemory,6/20/16 14:20,65
collectd.network.QCY-B.nx-os.N5kC5020pBf.ac11-ct-w2-qcy__mgmt0_dcnet_intuit_net.snmp.cisco_cseMemory,6/20/16 14:20,66
collectd.network.QCY-B.nx-os.N5kC5020pBf.ac2-agg-w2-qcy__mgmt0_dcnet_intuit_net.snmp.cisco_cseMemory,6/20/16 14:20,64
collectd.network.QCY-B.nx-os.N5kC5020pBf.ac3-agg-w2-qcy__mgmt0_dcnet_intuit_net.snmp.cisco_cseMemory,6/20/16 14:20,67
collectd.network.QCY-B.nx-os.N5kC5020pBf.ac4-agg-w2-qcy__mgmt0_dcnet_intuit_net.snmp.cisco_cseMemory,6/20/16 14:20,67
collectd.network.QCY-B.nx-os.N5kC5020pBf.ac5-agg-w2-qcy__mgmt0_dcnet_intuit_net.snmp.cisco_cseMemory,6/20/16 14:20,67
collectd.network.QCY-B.nx-os.N5kC5020pBf.ac6-agg-w2-qcy__mgmt0_dcnet_intuit_net.snmp.cisco_cseMemory,6/20/16 14:20,67
collectd.network.QCY-B.nx-os.N5kC5020pBf.ac7-agg-w2-qcy__mgmt0_dcnet_intuit_net.snmp.cisco_cseMemory,6/20/16 14:20,66
collectd.network.QCY-B.nx-os.N5kC5020pBf.ac8-agg-w2-qcy__mgmt0_dcnet_intuit_net.snmp.cisco_cseMemory,6/20/16 14:20,67
collectd.network.QCY-B.nx-os.N5kC5596Up.ac10-agg-w2-qcy__mgmt0_dcnet_intuit_net.snmp.cisco_cseMemory,6/20/16 14:20,21
collectd.network.QCY-B.nx-os.N5kC5596Up.ac9-agg-w2-qcy__mgmt0_dcnet_intuit_net.snmp.cisco_cseMemory,6/20/16 14:20,21
collectd.network.QCY-B.nx-os.N7Kc7018.di1-w2-qcy__mgmt0_dcnet_intuit_net.snmp.cisco_cseMemory,6/20/16 14:20,56
collectd.network.QCY-B.nx-os.N7Kc7018.di2-w2-qcy__mgmt0_dcnet_intuit_net.snmp.cisco_cseMemory,6/20/16 14:20,56
collectd.network.QCY-B.nx-os.N7Kc7018.di3-w2-qcy__mgmt0_dcnet_intuit_net.snmp.cisco_cseMemory,6/20/16 14:20,38
collectd.network.QCY-B.nx-os.N7Kc7018.di4-w2-qcy__mgmt0_dcnet_intuit_net.snmp.cisco_cseMemory,6/20/16 14:20,38
collectd.network.QCY-B.nx-os.N7Kc7018.sc1-w2-qcy__mgmt0_dcnet_intuit_net.snmp.cisco_cseMemory,6/20/16 14:20,56
collectd.network.QCY-B.nx-os.N7Kc7018.sc2-w2-qcy__mgmt0_dcnet_intuit_net.snmp.cisco_cseMemory,6/20/16 14:20,56
collectd.network.QCY-C.ios.3560E48TD.ib3560-1-c-qcy__vl671_dcnet_intuit_net.snmp.cisco_ciscoMemoryPoolFree,6/20/16 14:20,31960500
collectd.network.QCY-C.ios.3560E48TD.ib3560-2-c-qcy__vl671_dcnet_intuit_net.snmp.cisco_ciscoMemoryPoolFree,6/20/16 14:20,39812208
collectd.network.QCY-C.ios.3845.oob3845-1-c-qcy__gi2-0_dcnet_intuit_net.snmp.cisco_ciscoMemoryPoolFree,6/20/16 14:20,
collectd.network.QCY-C.ios.494810GE.pdu1-c-qcy__vl671_dcnet_intuit_net.snmp.cisco_ciscoMemoryPoolFree,6/20/16 14:20,82282092
collectd.network.QCY-C.ios.494810GE.pdu2-c-qcy__vl671_dcnet_intuit_net.snmp.cisco_ciscoMemoryPoolFree,6/20/16 14:20,82325996
collectd.network.QCY-C.ios.494810GE.pdu3-c-qcy__vl671_dcnet_intuit_net.snmp.cisco_ciscoMemoryPoolFree,6/20/16 14:20,82289564
collectd.network.QCY-C.ios.494810GE.pdu4-c-qcy__vl671_dcnet_intuit_net.snmp.cisco_ciscoMemoryPoolFree,6/20/16 14:20,82296024
collectd.network.QCY-C.ios.494810GE.pdu5-c-qcy__vl671_dcnet_intuit_net.snmp.cisco_ciscoMemoryPoolFree,6/20/16 14:20,82306420
collectd.network.QCY-C.ios.494810GE.pdu6-c-qcy__vl671_dcnet_intuit_net.snmp.cisco_ciscoMemoryPoolFree,6/20/16 14:20,82308056
collectd.network.QCY-C.ios.494810GE.pdu7-c-qcy__vl671_dcnet_intuit_net.snmp.cisco_ciscoMemoryPoolFree,6/20/16 14:20,82299916
collectd.network.QCY-C.ios.NmeX24Es1GeNoPwr.ib3750-1-c-qcy__vl671_dcnet_intuit_net.snmp.cisco_ciscoMemoryPoolFree,6/20/16 14:20,365380924
collectd.network.QCY-C.ios-xe.ASR1006.qcy-iae-rtr1__gi0_dcnet_intuit_net.snmp.cisco_ciscoMemoryPoolFree,6/20/16 14:20,-644925672
collectd.network.QCY-C.ios.3560E48TD.ib3560-1-c-qcy__vl671_dcnet_intuit_net.snmp.cisco_ciscoMemoryPoolUsed,6/20/16 14:20,32365140
collectd.network.QCY-C.ios.3560E48TD.ib3560-2-c-qcy__vl671_dcnet_intuit_net.snmp.cisco_ciscoMemoryPoolUsed,6/20/16 14:20,30604800
collectd.network.QCY-C.ios.3845.oob3845-1-c-qcy__gi2-0_dcnet_intuit_net.snmp.cisco_ciscoMemoryPoolUsed,6/20/16 14:20,
collectd.network.QCY-C.ios.494810GE.pdu1-c-qcy__vl671_dcnet_intuit_net.snmp.cisco_ciscoMemoryPoolUsed,6/20/16 14:20,139085568
collectd.network.QCY-C.ios.494810GE.pdu2-c-qcy__vl671_dcnet_intuit_net.snmp.cisco_ciscoMemoryPoolUsed,6/20/16 14:20,139041612
collectd.network.QCY-C.ios.494810GE.pdu3-c-qcy__vl671_dcnet_intuit_net.snmp.cisco_ciscoMemoryPoolUsed,6/20/16 14:20,139078096
collectd.network.QCY-C.ios.494810GE.pdu4-c-qcy__vl671_dcnet_intuit_net.snmp.cisco_ciscoMemoryPoolUsed,6/20/16 14:20,139071636
collectd.network.QCY-C.ios.494810GE.pdu5-c-qcy__vl671_dcnet_intuit_net.snmp.cisco_ciscoMemoryPoolUsed,6/20/16 14:20,139061240
collectd.network.QCY-C.ios.494810GE.pdu6-c-qcy__vl671_dcnet_intuit_net.snmp.cisco_ciscoMemoryPoolUsed,6/20/16 14:20,139059604
collectd.network.QCY-C.ios.494810GE.pdu7-c-qcy__vl671_dcnet_intuit_net.snmp.cisco_ciscoMemoryPoolUsed,6/20/16 14:20,139067744
collectd.network.QCY-C.ios.NmeX24Es1GeNoPwr.ib3750-1-c-qcy__vl671_dcnet_intuit_net.snmp.cisco_ciscoMemoryPoolUsed,6/20/16 14:20,171489988
collectd.network.QCY-C.ios-xe.ASR1006.qcy-iae-rtr1__gi0_dcnet_intuit_net.snmp.cisco_ciscoMemoryPoolUsed,6/20/16 14:20,620918264
collectd.network.QCY-C.nx-os.N5kC5020pBf.ac1-storage-c-qcy__mgmt0_dcnet_intuit_net.snmp.cisco_cseMemory,6/20/16 14:20,68
collectd.network.QCY-C.nx-os.N5kC5020pBf.ac10-compute-c-qcy__mgmt0_dcnet_intuit_net.snmp.cisco_cseMemory,6/20/16 14:20,69
collectd.network.QCY-C.nx-os.N5kC5020pBf.ac10-storage-c-qcy__mgmt0_dcnet_intuit_net.snmp.cisco_cseMemory,6/20/16 14:20,66
collectd.network.QCY-C.nx-os.N5kC5020pBf.ac11-compute-bd-c-qcy__mgmt0_dcnet_intuit_net.snmp.cisco_cseMemory,6/20/16 14:20,74
collectd.network.QCY-C.nx-os.N5kC5020pBf.ac12-compute-bd-c-qcy__mgmt0_dcnet_intuit_net.snmp.cisco_cseMemory,6/20/16 14:20,74
collectd.network.QCY-C.nx-os.N5kC5020pBf.ac13-compute-c-qcy__mgmt0_dcnet_intuit_net.snmp.cisco_cseMemory,6/20/16 14:20,73
collectd.network.QCY-C.nx-os.N5kC5020pBf.ac14-compute-c-qcy__mgmt0_dcnet_intuit_net.snmp.cisco_cseMemory,6/20/16 14:20,74
collectd.network.QCY-C.nx-os.N5kC5020pBf.ac17-compute-bd-c-qcy__mgmt0_dcnet_intuit_net.snmp.cisco_cseMemory,6/20/16 14:20,76
collectd.network.QCY-C.nx-os.N5kC5020pBf.ac18-compute-bd-c-qcy__mgmt0_dcnet_intuit_net.snmp.cisco_cseMemory,6/20/16 14:20,76
collectd.network.QCY-C.nx-os.N5kC5020pBf.ac2-storage-c-qcy__mgmt0_dcnet_intuit_net.snmp.cisco_cseMemory,6/20/16 14:20,68
collectd.network.QCY-C.nx-os.N5kC5020pBf.ac23-compute-c-qcy__mgmt0_dcnet_intuit_net.snmp.cisco_cseMemory,6/20/16 14:20,64
collectd.network.QCY-C.nx-os.N5kC5020pBf.ac24-compute-c-qcy__mgmt0_dcnet_intuit_net.snmp.cisco_cseMemory,6/20/16 14:20,62
collectd.network.QCY-C.nx-os.N5kC5020pBf.ac3-storage-c-qcy__mgmt0_dcnet_intuit_net.snmp.cisco_cseMemory,6/20/16 14:20,68
collectd.network.QCY-C.nx-os.N5kC5020pBf.ac4-storage-c-qcy__mgmt0_dcnet_intuit_net.snmp.cisco_cseMemory,6/20/16 14:20,67
collectd.network.QCY-C.nx-os.N5kC5020pBf.ac5-storage-c-qcy__mgmt0_dcnet_intuit_net.snmp.cisco_cseMemory,6/20/16 14:20,67
collectd.network.QCY-C.nx-os.N5kC5020pBf.ac6-storage-c-qcy__mgmt0_dcnet_intuit_net.snmp.cisco_cseMemory,6/20/16 14:20,67
collectd.network.QCY-C.nx-os.N5kC5020pBf.ac7-storage-c-qcy__mgmt0_dcnet_intuit_net.snmp.cisco_cseMemory,6/20/16 14:20,66
collectd.network.QCY-C.nx-os.N5kC5020pBf.ac8-storage-c-qcy__mgmt0_dcnet_intuit_net.snmp.cisco_cseMemory,6/20/16 14:20,65
collectd.network.QCY-C.nx-os.N5kC5020pBf.ac9-compute-c-qcy__mgmt0_dcnet_intuit_net.snmp.cisco_cseMemory,6/20/16 14:20,70
collectd.network.QCY-C.nx-os.N5kC5020pBf.ac9-storage-c-qcy__mgmt0_dcnet_intuit_net.snmp.cisco_cseMemory,6/20/16 14:20,66
collectd.network.QCY-C.nx-os.N5kC5548p.ac11-storage-c-qcy__mgmt0_dcnet_intuit_net.snmp.cisco_cseMemory,6/20/16 14:20,21
collectd.network.QCY-C.nx-os.N5kC5548p.ac12-storage-c-qcy__mgmt0_dcnet_intuit_net.snmp.cisco_cseMemory,6/20/16 14:20,
collectd.network.QCY-C.nx-os.N5kC5548p.ac15-compute-c-qcy__mgmt0_dcnet_intuit_net.snmp.cisco_cseMemory,6/20/16 14:20,23
collectd.network.QCY-C.nx-os.N5kC5548p.ac16-compute-c-qcy__mgmt0_dcnet_intuit_net.snmp.cisco_cseMemory,6/20/16 14:20,23
collectd.network.QCY-C.nx-os.N5kC5596Up.ac1-compute-c-qcy__mgmt0_dcnet_intuit_net.snmp.cisco_cseMemory,6/20/16 14:20,23
collectd.network.QCY-C.nx-os.N5kC5596Up.ac13-storage-c-qcy__mgmt0_dcnet_intuit_net.snmp.cisco_cseMemory,6/20/16 14:20,21
collectd.network.QCY-C.nx-os.N5kC5596Up.ac14-storage-c-qcy__mgmt0_dcnet_intuit_net.snmp.cisco_cseMemory,6/20/16 14:20,
collectd.network.QCY-C.nx-os.N5kC5596Up.ac15-storage-c-qcy__mgmt0_dcnet_intuit_net.snmp.cisco_cseMemory,6/20/16 14:20,21
collectd.network.QCY-C.nx-os.N5kC5596Up.ac16-storage-c-qcy__mgmt0_dcnet_intuit_net.snmp.cisco_cseMemory,6/20/16 14:20,21
collectd.network.QCY-C.nx-os.N5kC5596Up.ac17-storage-c-qcy__mgmt0_dcnet_intuit_net.snmp.cisco_cseMemory,6/20/16 14:20,22
collectd.network.QCY-C.nx-os.N5kC5596Up.ac18-storage-c-qcy__mgmt0_dcnet_intuit_net.snmp.cisco_cseMemory,6/20/16 14:20,22
collectd.network.QCY-C.nx-os.N5kC5596Up.ac19-compute-c-qcy__mgmt0_dcnet_intuit_net.snmp.cisco_cseMemory,6/20/16 14:20,23
collectd.network.QCY-C.nx-os.N5kC5596Up.ac2-compute-c-qcy__mgmt0_dcnet_intuit_net.snmp.cisco_cseMemory,6/20/16 14:20,23
collectd.network.QCY-C.nx-os.N5kC5596Up.ac20-compute-c-qcy__mgmt0_dcnet_intuit_net.snmp.cisco_cseMemory,6/20/16 14:20,23
collectd.network.QCY-C.nx-os.N5kC5596Up.ac21-compute-c-qcy__mgmt0_dcnet_intuit_net.snmp.cisco_cseMemory,6/20/16 14:20,24
collectd.network.QCY-C.nx-os.N5kC5596Up.ac22-compute-c-qcy__mgmt0_dcnet_intuit_net.snmp.cisco_cseMemory,6/20/16 14:20,23
collectd.network.QCY-C.nx-os.N5kC5596Up.ac25-compute-c-qcy__mgmt0_dcnet_intuit_net.snmp.cisco_cseMemory,6/20/16 14:20,
collectd.network.QCY-C.nx-os.N5kC5596Up.ac26-compute-c-qcy__mgmt0_dcnet_intuit_net.snmp.cisco_cseMemory,6/20/16 14:20,
collectd.network.QCY-C.nx-os.N5kC5596Up.ac27-compute-c-qcy__mgmt0_dcnet_intuit_net.snmp.cisco_cseMemory,6/20/16 14:20,23
collectd.network.QCY-C.nx-os.N5kC5596Up.ac28-compute-c-qcy__mgmt0_dcnet_intuit_net.snmp.cisco_cseMemory,6/20/16 14:20,23
collectd.network.QCY-C.nx-os.N5kC5596Up.ac29-compute-bd-c-qcy__mgmt0_dcnet_intuit_net.snmp.cisco_cseMemory,6/20/16 14:20,25
collectd.network.QCY-C.nx-os.N5kC5596Up.ac29-compute-c-qcy__mgmt0_dcnet_intuit_net.snmp.cisco_cseMemory,6/20/16 14:20,23
collectd.network.QCY-C.nx-os.N5kC5596Up.ac3-compute-c-qcy__mgmt0_dcnet_intuit_net.snmp.cisco_cseMemory,6/20/16 14:20,23
collectd.network.QCY-C.nx-os.N5kC5596Up.ac30-compute-bd-c-qcy__mgmt0_dcnet_intuit_net.snmp.cisco_cseMemory,6/20/16 14:20,23
collectd.network.QCY-C.nx-os.N5kC5596Up.ac30-compute-c-qcy__mgmt0_dcnet_intuit_net.snmp.cisco_cseMemory,6/20/16 14:20,22
collectd.network.QCY-C.nx-os.N5kC5596Up.ac31-compute-bd-c-qcy__mgmt0_dcnet_intuit_net.snmp.cisco_cseMemory,6/20/16 14:20,22
collectd.network.QCY-C.nx-os.N5kC5596Up.ac32-compute-bd-c-qcy__mgmt0_dcnet_intuit_net.snmp.cisco_cseMemory,6/20/16 14:20,21
collectd.network.QCY-C.nx-os.N5kC5596Up.ac4-compute-c-qcy__mgmt0_dcnet_intuit_net.snmp.cisco_cseMemory,6/20/16 14:20,23
collectd.network.QCY-C.nx-os.N5kC5596Up.ac5-compute-c-qcy__mgmt0_dcnet_intuit_net.snmp.cisco_cseMemory,6/20/16 14:20,22
collectd.network.QCY-C.nx-os.N5kC5596Up.ac6-compute-c-qcy__mgmt0_dcnet_intuit_net.snmp.cisco_cseMemory,6/20/16 14:20,22
collectd.network.QCY-C.nx-os.N5kC5596Up.ac7-compute-c-qcy__mgmt0_dcnet_intuit_net.snmp.cisco_cseMemory,6/20/16 14:20,22
collectd.network.QCY-C.nx-os.N5kC5596Up.ac8-compute-c-qcy__mgmt0_dcnet_intuit_net.snmp.cisco_cseMemory,6/20/16 14:20,22
collectd.network.QCY-C.nx-os.N77c7710.di1-c-qcy__mgmt0_dcnet_intuit_net.snmp.cisco_cseMemory,6/20/16 14:20,15
collectd.network.QCY-C.nx-os.N77c7710.di2-c-qcy__mgmt0_dcnet_intuit_net.snmp.cisco_cseMemory,6/20/16 14:20,16
collectd.network.QCY-C.nx-os.N77c7710.qdc-c-di01-admin__mgmt0_dcnet_intuit_net.snmp.cisco_cseMemory,6/20/16 14:20,15
collectd.network.QCY-C.nx-os.N77c7710.qdc-c-di02-admin__mgmt0_dcnet_intuit_net.snmp.cisco_cseMemory,6/20/16 14:20,16
collectd.network.QCY-C.nx-os.N77c7710.sc1-c-qcy__mgmt0_dcnet_intuit_net.snmp.cisco_cseMemory,6/20/16 14:20,15
collectd.network.QCY-C.nx-os.N77c7710.sc2-c-qcy__mgmt0_dcnet_intuit_net.snmp.cisco_cseMemory,6/20/16 14:20,16
collectd.network.QCY-C.nx-os.N9KC9372PX.qcy-iae-di1__mgmt0_dcnet_intuit_net.snmp.cisco_cseMemory,6/20/16 14:20,26
collectd.network.QCY-C.nx-os.N9KC9372PX.qcy-iae-di2__mgmt0_dcnet_intuit_net.snmp.cisco_cseMemory,6/20/16 14:20,25
collectd.network.QCY-C.nx-os.N9KC9372PX.qcy-iae-sc1__mgmt0_dcnet_intuit_net.snmp.cisco_cseMemory,6/20/16 14:20,26
collectd.network.QCY-C.nx-os.N9KC9372PX.qcy-iae-sc2__mgmt0_dcnet_intuit_net.snmp.cisco_cseMemory,6/20/16 14:20,26
collectd.network.QCY-C.nx-os.m9513.qyfcsw02a_corp_intuit_net.snmp.cisco_cseMemory,6/20/16 14:20,40
collectd.network.QCY-C.nx-os.m9513.qyfcsw02b_corp_intuit_net.snmp.cisco_cseMemory,6/20/16 14:20,41
collectd.network.QCY-D.nx-os.N5kC5596Up.qdc-pl01-rtr01__lo222_dcnet_intuit_net.snmp.cisco_cseMemory,6/20/16 14:20,25
collectd.network.QCY-D.nx-os.N5kC5596Up.qdc-pl01-rtr02__lo222_dcnet_intuit_net.snmp.cisco_cseMemory,6/20/16 14:20,25
collectd.network.QCY-D.nx-os.N5kC5596Up.qdc-sl01-rtr01__lo222_dcnet_intuit_net.snmp.cisco_cseMemory,6/20/16 14:20,23
collectd.network.QCY-D.nx-os.N5kC5596Up.qdc-sl01-rtr02__lo222_dcnet_intuit_net.snmp.cisco_cseMemory,6/20/16 14:20,23
collectd.network.QCY-D.nx-os.N7Kc7010.qdc-spn-rtr01__lo200_dcnet_intuit_net.snmp.cisco_cseMemory,6/20/16 14:20,22
collectd.network.QCY-D.nx-os.N7Kc7010.qdc-spn-rtr02__lo200_dcnet_intuit_net.snmp.cisco_cseMemory,6/20/16 14:20,22
collectd.network.QCY-E.nx-os.1410.qdc-e-acib01__mgmt0_dcnet_intuit_net.snmp.cisco_cseMemory,6/20/16 14:20,33
collectd.network.QCY-E.nx-os.1410.qdc-e-acib02__mgmt0_dcnet_intuit_net.snmp.cisco_cseMemory,6/20/16 14:20,35
collectd.network.QCY-E.nx-os.1410.qdc-e-acib03__mgmt0_dcnet_intuit_net.snmp.cisco_cseMemory,6/20/16 14:20,36
collectd.network.QCY-E.nx-os.1410.qdc-e-acib04__mgmt0_dcnet_intuit_net.snmp.cisco_cseMemory,6/20/16 14:20,33
collectd.network.QCY-E.nx-os.1410.qdc-e-acst01__mgmt0_dcnet_intuit_net.snmp.cisco_cseMemory,6/20/16 14:20,33
collectd.network.QCY-E.nx-os.1410.qdc-e-acst02__mgmt0_dcnet_intuit_net.snmp.cisco_cseMemory,6/20/16 14:20,33
collectd.network.QCY-E.nx-os.N6kC600164T.qdc-e-accmp001__mgmt0_dcnet_intuit_net.snmp.cisco_cseMemory,6/20/16 14:20,33
collectd.network.QCY-E.nx-os.N6kC600164T.qdc-e-accmp002__mgmt0_dcnet_intuit_net.snmp.cisco_cseMemory,6/20/16 14:20,33
collectd.network.QCY-E.nx-os.N6kC600164T.qdc-e-accmp003__mgmt0_dcnet_intuit_net.snmp.cisco_cseMemory,6/20/16 14:20,33
collectd.network.QCY-E.nx-os.N6kC600164T.qdc-e-accmp004__mgmt0_dcnet_intuit_net.snmp.cisco_cseMemory,6/20/16 14:20,33
collectd.network.QCY-E.nx-os.N6kC600164T.qdc-e-accmp005__mgmt0_dcnet_intuit_net.snmp.cisco_cseMemory,6/20/16 14:20,33
collectd.network.QCY-E.nx-os.N6kC600164T.qdc-e-accmp006__mgmt0_dcnet_intuit_net.snmp.cisco_cseMemory,6/20/16 14:20,33
collectd.network.QCY-E.nx-os.N6kC600164T.qdc-e-accmp007__mgmt0_dcnet_intuit_net.snmp.cisco_cseMemory,6/20/16 14:20,33
collectd.network.QCY-E.nx-os.N6kC600164T.qdc-e-accmp008__mgmt0_dcnet_intuit_net.snmp.cisco_cseMemory,6/20/16 14:20,33
collectd.network.QCY-E.nx-os.N6kC600164T.qdc-e-accmp009__mgmt0_dcnet_intuit_net.snmp.cisco_cseMemory,6/20/16 14:20,33
collectd.network.QCY-E.nx-os.N6kC600164T.qdc-e-accmp010__mgmt0_dcnet_intuit_net.snmp.cisco_cseMemory,6/20/16 14:20,33
collectd.network.QCY-E.nx-os.N6kC600164T.qdc-e-accmp011__mgmt0_dcnet_intuit_net.snmp.cisco_cseMemory,6/20/16 14:20,33
collectd.network.QCY-E.nx-os.N6kC600164T.qdc-e-accmp012__mgmt0_dcnet_intuit_net.snmp.cisco_cseMemory,6/20/16 14:20,33
collectd.network.QCY-E.nx-os.N6kC600164T.qdc-e-accmp013__mgmt0_dcnet_intuit_net.snmp.cisco_cseMemory,6/20/16 14:20,33
collectd.network.QCY-E.nx-os.N6kC600164T.qdc-e-accmp014__mgmt0_dcnet_intuit_net.snmp.cisco_cseMemory,6/20/16 14:20,32
collectd.network.QCY-E.nx-os.N6kC600164T.qdc-e-accmp015__mgmt0_dcnet_intuit_net.snmp.cisco_cseMemory,6/20/16 14:20,32
collectd.network.QCY-E.nx-os.N6kC600164T.qdc-e-accmp016__mgmt0_dcnet_intuit_net.snmp.cisco_cseMemory,6/20/16 14:20,32
collectd.network.QCY-E.nx-os.N6kC600164T.qdc-e-accmp017__mgmt0_dcnet_intuit_net.snmp.cisco_cseMemory,6/20/16 14:20,33
collectd.network.QCY-E.nx-os.N6kC600164T.qdc-e-accmp018__mgmt0_dcnet_intuit_net.snmp.cisco_cseMemory,6/20/16 14:20,29
collectd.network.QCY-E.nx-os.N6kC600164T.qdc-e-accmp019__mgmt0_dcnet_intuit_net.snmp.cisco_cseMemory,6/20/16 14:20,33
collectd.network.QCY-E.nx-os.N6kC600164T.qdc-e-accmp020__mgmt0_dcnet_intuit_net.snmp.cisco_cseMemory,6/20/16 14:20,33
collectd.network.QCY-E.nx-os.N6kC600164T.qdc-e-accmp021__mgmt0_dcnet_intuit_net.snmp.cisco_cseMemory,6/20/16 14:20,33
collectd.network.QCY-E.nx-os.N6kC600164T.qdc-e-accmp022__mgmt0_dcnet_intuit_net.snmp.cisco_cseMemory,6/20/16 14:20,33
collectd.network.QCY-E.nx-os.N6kC600164T.qdc-e-accmp023__mgmt0_dcnet_intuit_net.snmp.cisco_cseMemory,6/20/16 14:20,33
collectd.network.QCY-E.nx-os.N6kC600164T.qdc-e-accmp024__mgmt0_dcnet_intuit_net.snmp.cisco_cseMemory,6/20/16 14:20,33
collectd.network.QCY-E.nx-os.N6kC600164T.qdc-e-accmp025__mgmt0_dcnet_intuit_net.snmp.cisco_cseMemory,6/20/16 14:20,33
collectd.network.QCY-E.nx-os.N6kC600164T.qdc-e-accmp026__mgmt0_dcnet_intuit_net.snmp.cisco_cseMemory,6/20/16 14:20,33
collectd.network.QCY-E.nx-os.N6kC600164T.qdc-e-accmp027__mgmt0_dcnet_intuit_net.snmp.cisco_cseMemory,6/20/16 14:20,33
collectd.network.QCY-E.nx-os.N6kC600164T.qdc-e-accmp028__mgmt0_dcnet_intuit_net.snmp.cisco_cseMemory,6/20/16 14:20,33
collectd.network.QCY-E.nx-os.N6kC600164T.qdc-e-accmp029__mgmt0_dcnet_intuit_net.snmp.cisco_cseMemory,6/20/16 14:20,33
collectd.network.QCY-E.nx-os.N6kC600164T.qdc-e-accmp030__mgmt0_dcnet_intuit_net.snmp.cisco_cseMemory,6/20/16 14:20,33
collectd.network.QCY-E.nx-os.N6kC600164T.qdc-e-accmp031__mgmt0_dcnet_intuit_net.snmp.cisco_cseMemory,6/20/16 14:20,33
collectd.network.QCY-E.nx-os.N6kC600164T.qdc-e-accmp032__mgmt0_dcnet_intuit_net.snmp.cisco_cseMemory,6/20/16 14:20,33
collectd.network.QCY-E.nx-os.N6kC600164T.qdc-e-accmp033__mgmt0_dcnet_intuit_net.snmp.cisco_cseMemory,6/20/16 14:20,33
collectd.network.QCY-E.nx-os.N6kC600164T.qdc-e-accmp034__mgmt0_dcnet_intuit_net.snmp.cisco_cseMemory,6/20/16 14:20,33
collectd.network.QCY-E.nx-os.N6kC600164T.qdc-e-accmp035__mgmt0_dcnet_intuit_net.snmp.cisco_cseMemory,6/20/16 14:20,32
collectd.network.QCY-E.nx-os.N6kC600164T.qdc-e-accmp036__mgmt0_dcnet_intuit_net.snmp.cisco_cseMemory,6/20/16 14:20,32
collectd.network.QCY-E.nx-os.N77c7710.qdc-e-di01__mgmt0_dcnet_intuit_net.snmp.cisco_cseMemory,6/20/16 14:20,14
collectd.network.QCY-E.nx-os.N77c7710.qdc-e-di02__mgmt0_dcnet_intuit_net.snmp.cisco_cseMemory,6/20/16 14:20,14
collectd.network.QCY-E.nx-os.N77c7710.qdc-e-sc01__mgmt0_dcnet_intuit_net.snmp.cisco_cseMemory,6/20/16 14:20,14
collectd.network.QCY-E.nx-os.N77c7710.qdc-e-sc02__mgmt0_dcnet_intuit_net.snmp.cisco_cseMemory,6/20/16 14:20,14
collectd.network.QCY-E.nx-os.N9KC9396TX.qdc-e-accmp037__mgmt0_dcnet_intuit_net.snmp.cisco_cseMemory,6/20/16 14:20,26
collectd.network.QCY-E.nx-os.N9KC9396TX.qdc-e-accmp038__mgmt0_dcnet_intuit_net.snmp.cisco_cseMemory,6/20/16 14:20,29
collectd.network.QCY-E.nx-os.N9KC9396TX.qdc-e-accmp039__mgmt0_dcnet_intuit_net.snmp.cisco_cseMemory,6/20/16 14:20,26
collectd.network.QCY-E.nx-os.N9KC9396TX.qdc-e-accmp040__mgmt0_dcnet_intuit_net.snmp.cisco_cseMemory,6/20/16 14:20,29
collectd.network.QCY-E.nx-os.N9KC9396TX.qdc-e-accmp045__mgmt0_dcnet_intuit_net.snmp.cisco_cseMemory,6/20/16 14:20,25
collectd.network.QCY-E.nx-os.N9KC9396TX.qdc-e-accmp046__mgmt0_dcnet_intuit_net.snmp.cisco_cseMemory,6/20/16 14:20,25
collectd.network.QCY-E.nx-os.N9KC9396TX.qdc-e-accmp047__mgmt0_dcnet_intuit_net.snmp.cisco_cseMemory,6/20/16 14:20,26
collectd.network.QCY-E.nx-os.N9KC9396TX.qdc-e-accmp048__mgmt0_dcnet_intuit_net.snmp.cisco_cseMemory,6/20/16 14:20,25
collectd.network.QCY-E.nx-os.N9KC9396TX.qdc-e-accmp049__mgmt0_dcnet_intuit_net.snmp.cisco_cseMemory,6/20/16 14:20,25
collectd.network.QCY-E.nx-os.N9KC9396TX.qdc-e-accmp050__mgmt0_dcnet_intuit_net.snmp.cisco_cseMemory,6/20/16 14:20,25
collectd.network.QCY-A.asa.ASA5580.fw1-pae-qcy-pri__be__core_dcnet_intuit_net.latency,6/20/16 14:25,0.699
collectd.network.QCY-A.asa.ASA5580.fw1-pae-qcy-sec__be__core_dcnet_intuit_net.latency,6/20/16 14:25,0.792
collectd.network.QCY-A.f5.BIG-IP_3600.lb1-pa-w1-qcy__eth0__mgmt_dcnet_intuit_net.latency,6/20/16 14:25,0.664
collectd.network.QCY-A.f5.BIG-IP_3600.lb2-pa-w1-qcy__eth0__mgmt_dcnet_intuit_net.latency,6/20/16 14:25,0.716
collectd.network.QCY-A.f5.BIG-IP_3900.igtm-qcy_dcnet_intuit_net.latency,6/20/16 14:25,0.6969
collectd.network.QCY-A.f5.BIG-IP_3900.waqc-gtm1__eth0_dcnet_intuit_net.latency,6/20/16 14:25,0.6471
collectd.network.QCY-A.f5.BIG-IP_3900.waqc-igtm1__eth0_dcnet_intuit_net.latency,6/20/16 14:25,0.546
collectd.network.QCY-A.f5.BIG-IP_VIPRION-4.lb1-w1-qcy__slot1__eth0__mgmt_dcnet_intuit_net.latency,6/20/16 14:25,0.5989
collectd.network.QCY-A.f5.BIG-IP_VIPRION-4.lb2-w1-qcy__eth0-clst_dcnet_intuit_net.latency,6/20/16 14:25,0.6578
collectd.network.QCY-A.f5.Enterprise_Manager_EM4000.em-w1-qcy__eth0_dcnet_intuit_net.latency,6/20/16 14:25,0.5841
collectd.network.QCY-A.ios.3560E48TD.ib3560-e01-a-qcy__vl912_dcnet_intuit_net.latency,6/20/16 14:25,1.019
collectd.network.QCY-A.ios.37xxStack.cr1-ib-e1-qcy__vl912_dcnet_intuit_net.latency,6/20/16 14:25,1.0231
collectd.network.QCY-A.ios.37xxStack.cr1-ib-w1-qcy__vl912_dcnet_intuit_net.latency,6/20/16 14:25,0.9441
collectd.network.QCY-A.ios.37xxStack.pdu1-a-qcy__vl912_dcnet_intuit_net.latency,6/20/16 14:25,1.0469
collectd.network.QCY-A.ios.37xxStack.pdu2-a-qcy__vl912_dcnet_intuit_net.latency,6/20/16 14:25,1.0262
collectd.network.QCY-A.ios.37xxStack.pdu3-a-qcy__vl912_dcnet_intuit_net.latency,6/20/16 14:25,0.9849
collectd.network.QCY-A.ios.37xxStack.pdu4-a-qcy__vl912_dcnet_intuit_net.latency,6/20/16 14:25,0.984
collectd.network.QCY-A.ios.37xxStack.pdu5-a-qcy__vl912_dcnet_intuit_net.latency,6/20/16 14:25,1.024
collectd.network.QCY-A.ios.37xxStack.pdu6-a-qcy__vl912_dcnet_intuit_net.latency,6/20/16 14:25,1.0281
collectd.network.QCY-A.ios.37xxStack.pdu7-a-qcy__vl912_dcnet_intuit_net.latency,6/20/16 14:25,1.0021
collectd.network.QCY-A.ios.4948.ac5-pa-w1-qcy__vl912_dcnet_intuit_net.latency,6/20/16 14:25,1.1909
collectd.network.QCY-A.ios.4948.ac7-pa-w1-qcy__vl912_dcnet_intuit_net.latency,6/20/16 14:25,1.225
collectd.network.QCY-A.ios.494810GE.ac1-pa-w1-qcy__vl912_dcnet_intuit_net.latency,6/20/16 14:25,1.6329
collectd.network.QCY-A.ios.494810GE.ac13-w1-qcy__vl912_dcnet_intuit_net.latency,6/20/16 14:25,0.742
collectd.network.QCY-A.ios.494810GE.ac14-w1-qcy__vl912_dcnet_intuit_net.latency,6/20/16 14:25,2.435
collectd.network.QCY-A.ios.494810GE.ac2-pa-e1-qcy__vl912_dcnet_intuit_net.latency,6/20/16 14:25,0.8519
collectd.network.QCY-A.ios.494810GE.ac3-pa-w1-qcy__vl912_dcnet_intuit_net.latency,6/20/16 14:25,2.1801
collectd.network.QCY-A.ios.494810GE.ac4-pa-e1-qcy__vl912_dcnet_intuit_net.latency,6/20/16 14:25,0.8891
collectd.network.QCY-A.ios-xe.ASR1001.gnvhe-qcy-2__gi0_corp_intuit_net.latency,6/20/16 14:25,0.885
collectd.network.QCY-A.ios-xe.ASR1002.ifs-asr1-pa-qcy__gi0_prod_ifs_intuit_com.latency,6/20/16 14:25,2.0871
collectd.network.QCY-A.ios-xe.ASR1002.ifs-asr2-pa-qcy__gi0_prod_ifs_intuit_com.latency,6/20/16 14:25,0.9842
collectd.network.QCY-A.ios-xe.ASR1002.ipsec-rtr1-pa-qdc__gi0_dcnet_intuit_net.latency,6/20/16 14:25,1.9488
collectd.network.QCY-A.ios-xe.ASR1002.ipsec-rtr2-pa-qdc__gi0_dcnet_intuit_net.latency,6/20/16 14:25,2.9969
collectd.network.QCY-A.ironport.S370.qypprdproxywa01_ie_intuit_net.latency,6/20/16 14:25,0.797
collectd.network.QCY-A.ironport.S370.qypprdproxywa02_ie_intuit_net.latency,6/20/16 14:25,0.5598
collectd.network.QCY-A.junos.MX480.br3-f-w1-qcy-re0__fxp0__0_dcnet_intuit_net.latency,6/20/16 14:25,0.6721
collectd.network.QCY-A.junos.MX480.br4-f-w1-qcy-re0__fxp0__0_dcnet_intuit_net.latency,6/20/16 14:25,0.6859
collectd.network.QCY-A.junos.MX480.fw-pn-w1-qcy_dcnet_intuit_net.latency,6/20/16 14:25,2.3069
collectd.network.QCY-A.junos.MX480.fw-sm-w1-qcy_dcnet_intuit_net.latency,6/20/16 14:25,0.68
collectd.network.QCY-A.junos.MX480.fw3-sm-w1-qcy__fxp0__0_dcnet_intuit_net.latency,6/20/16 14:25,7.025
collectd.network.QCY-A.junos.MX480.fw4-sm-w1-qcy__fxp0__0_dcnet_intuit_net.latency,6/20/16 14:25,2.269
collectd.network.QCY-A.junos.SRX5800.fw1-pn-w1-qcy__fxp0__0_dcnet_intuit_net.latency,6/20/16 14:25,0.6511
collectd.network.QCY-A.junos.SRX5800.fw2-pn-w1-qcy__fxp0_dcnet_intuit_net.latency,6/20/16 14:25,0.628
collectd.network.QCY-A.nx-os.N5kC5020pBf.ac1-agg-w1-qcy__mgmt0_dcnet_intuit_net.latency,6/20/16 14:25,3.3669
collectd.network.QCY-A.nx-os.N5kC5020pBf.ac15-stor-w1-qcy__mgmt0_dcnet_intuit_net.latency,6/20/16 14:25,3.8772
collectd.network.QCY-A.nx-os.N5kC5020pBf.ac16-stor-w1-qcy__mgmt0_dcnet_intuit_net.latency,6/20/16 14:25,10.5321
collectd.network.QCY-A.nx-os.N5kC5020pBf.ac2-agg-w1-qcy__mgmt0_dcnet_intuit_net.latency,6/20/16 14:25,3.9201
collectd.network.QCY-A.nx-os.N5kC5596Up.ac3-agg-w1-qcy__mgmt0_dcnet_intuit_net.latency,6/20/16 14:25,2.352
collectd.network.QCY-A.nx-os.N5kC5596Up.ac4-agg-w1-qcy__mgmt0_dcnet_intuit_net.latency,6/20/16 14:25,2.377
collectd.network.QCY-A.nx-os.N7Kc7010.ac1-w1-qcy__mgmt0_dcnet_intuit_net.latency,6/20/16 14:25,0.766
collectd.network.QCY-A.nx-os.N7Kc7010.ac2-w1-qcy__mgmt0_dcnet_intuit_net.latency,6/20/16 14:25,0.8252
collectd.network.QCY-A.nx-os.N7Kc7010.ac3-w1-qcy__mgmt0_dcnet_intuit_net.latency,6/20/16 14:25,0.7288
collectd.network.QCY-A.nx-os.N7Kc7010.ac4-w1-qcy__mgmt0_dcnet_intuit_net.latency,6/20/16 14:25,4.916
collectd.network.QCY-A.nx-os.N7Kc7010.ac5-w1-qcy__mgmt0_dcnet_intuit_net.latency,6/20/16 14:25,0.8202
collectd.network.QCY-A.nx-os.N7Kc7010.ac6-w1-qcy__mgmt0_dcnet_intuit_net.latency,6/20/16 14:25,1.507
collectd.network.QCY-A.nx-os.N7Kc7010.ac7-w1-qcy__mgmt0_dcnet_intuit_net.latency,6/20/16 14:25,0.7982
collectd.network.QCY-A.nx-os.N7Kc7010.ac8-w1-qcy__mgmt0_dcnet_intuit_net.latency,6/20/16 14:25,0.6559
collectd.network.QCY-A.nx-os.N7Kc7010.di1-m-w1-qcy__mgmt0_dcnet_intuit_net.latency,6/20/16 14:25,0.788
collectd.network.QCY-A.nx-os.N7Kc7010.di1-n-w1-qcy__mgmt0_dcnet_intuit_net.latency,6/20/16 14:25,0.813
collectd.network.QCY-A.nx-os.N7Kc7010.di1-p-w1-qcy__mgmt0_dcnet_intuit_net.latency,6/20/16 14:25,0.7601
collectd.network.QCY-A.nx-os.N7Kc7010.di1-s-w1-qcy__mgmt0_dcnet_intuit_net.latency,6/20/16 14:25,0.67
collectd.network.QCY-A.nx-os.N7Kc7010.di2-m-w1-qcy__mgmt0_dcnet_intuit_net.latency,6/20/16 14:25,0.7741
collectd.network.QCY-A.nx-os.N7Kc7010.di2-n-w1-qcy__mgmt0_dcnet_intuit_net.latency,6/20/16 14:25,0.7429
collectd.network.QCY-A.nx-os.N7Kc7010.di2-p-w1-qcy__mgmt0_dcnet_intuit_net.latency,6/20/16 14:25,0.737
collectd.network.QCY-A.nx-os.N7Kc7010.di2-s-w1-qcy__mgmt0_dcnet_intuit_net.latency,6/20/16 14:25,0.7632
collectd.network.QCY-A.nx-os.N7Kc7018.ac10-w1-qcy__mgmt0_dcnet_intuit_net.latency,6/20/16 14:25,0.7801
collectd.network.QCY-A.nx-os.N7Kc7018.ac11-w1-qcy__mgmt0_dcnet_intuit_net.latency,6/20/16 14:25,0.7842
collectd.network.QCY-A.nx-os.N7Kc7018.ac12-w1-qcy__mgmt0_dcnet_intuit_net.latency,6/20/16 14:25,0.9019
collectd.network.QCY-A.nx-os.N7Kc7018.ac9-w1-qcy__mgmt0_dcnet_intuit_net.latency,6/20/16 14:25,0.7811
collectd.network.QCY-A.nx-os.N7Kc7018.cr1-b-w1-qcy__mgmt0_dcnet_intuit_net.latency,6/20/16 14:25,0.639
collectd.network.QCY-A.nx-os.N7Kc7018.cr1-f-w1-qcy__mgmt0_dcnet_intuit_net.latency,6/20/16 14:25,0.598
collectd.network.QCY-A.nx-os.N7Kc7018.cr2-b-w1-qcy__mgmt0_dcnet_intuit_net.latency,6/20/16 14:25,0.746
collectd.network.QCY-A.nx-os.N7Kc7018.cr2-f-w1-qcy__mgmt0_dcnet_intuit_net.latency,6/20/16 14:25,0.7422
collectd.network.QCY-A.nx-os.m9513.qyfcsw01a_bos_intuit_net.latency,6/20/16 14:25,0.6719
collectd.network.QCY-A.nx-os.m9513.qyfcsw01b_bos_intuit_net.latency,6/20/16 14:25,0.6371
collectd.network.QCY-A.sps.NX8700.qcyeacl-sp-1_corp_intuit_net.latency,6/20/16 14:25,0.5541
collectd.network.QCY-A.sps.NX8700.qcyeacl-sp-2_corp_intuit_net.latency,6/20/16 14:25,0.612
collectd.network.QCY-A.sps.NX9700.wanop5-w1-qcy_dcnet_intuit_net.latency,6/20/16 14:25,
collectd.network.QCY-A.sps.NX9700.wanop6-w1-qcy_dcnet_intuit_net.latency,6/20/16 14:25,
collectd.network.QCY-B.f5.BIG-IP_6400.lb-dev-w2-qcy__eth0__mgmt_dcnet_intuit_net.latency,6/20/16 14:25,-2
collectd.network.QCY-B.f5.BIG-IP_PB100.lb1-pre-prod-w2-qcy__clst_dcnet_intuit_net.latency,6/20/16 14:25,0.921
collectd.network.QCY-B.f5.BIG-IP_PB100.lb2-pre-prod-w2-qcy__clst_dcnet_intuit_net.latency,6/20/16 14:25,0.69
collectd.network.QCY-B.f5.BIG-IP_PB200.lb1-w2-qcy__eth0_dcnet_intuit_net.latency,6/20/16 14:25,0.695
collectd.network.QCY-B.f5.BIG-IP_PB200.lb2-w2-qcy__eth0_dcnet_intuit_net.latency,6/20/16 14:25,0.6979
collectd.network.QCY-B.f5.BIG-IP_PB200.lb3-w2-qcy__clst_dcnet_intuit_net.latency,6/20/16 14:25,0.6142
collectd.network.QCY-B.f5.BIG-IP_PB200.lb4-w2-qcy__clst_dcnet_intuit_net.latency,6/20/16 14:25,0.6621
collectd.network.QCY-B.f5.BIG-IP_PB200.lb5-w2-qcy__eth0_dcnet_intuit_net.latency,6/20/16 14:25,0.927
collectd.network.QCY-B.f5.BIG-IP_PB200.lb6-w2-qcy__eth0_dcnet_intuit_net.latency,6/20/16 14:25,0.6659
collectd.network.QCY-B.ios.3825.ac3-oob3825-w2-qcy__gi0-1_dcnet_intuit_net.latency,6/20/16 14:25,
collectd.network.QCY-B.ios.3845.ac6-oob3845-w2-qcy__gi3-0_dcnet_intuit_net.latency,6/20/16 14:25,-2
collectd.network.QCY-B.ios.494810GE.ac1-w2-qcy__vl671_dcnet_intuit_net.latency,6/20/16 14:25,0.798
collectd.network.QCY-B.ios.494810GE.ac10-w2-qcy__vl671_dcnet_intuit_net.latency,6/20/16 14:25,0.869
collectd.network.QCY-B.ios.494810GE.ac11-w2-qcy__vl671_dcnet_intuit_net.latency,6/20/16 14:25,0.783
collectd.network.QCY-B.ios.494810GE.ac12-w2-qcy__vl671_dcnet_intuit_net.latency,6/20/16 14:25,0.7679
collectd.network.QCY-B.ios.494810GE.ac13-w2-qcy__vl671_dcnet_intuit_net.latency,6/20/16 14:25,1.147
collectd.network.QCY-B.ios.494810GE.ac14-w2-qcy__vl671_dcnet_intuit_net.latency,6/20/16 14:25,0.8111
collectd.network.QCY-B.ios.494810GE.ac15-w2-qcy__vl671_dcnet_intuit_net.latency,6/20/16 14:25,9.011
collectd.network.QCY-B.ios.494810GE.ac16-w2-qcy__vl671_dcnet_intuit_net.latency,6/20/16 14:25,0.8051
collectd.network.QCY-B.ios.494810GE.ac17-w2-qcy__vl671_dcnet_intuit_net.latency,6/20/16 14:25,0.7789
collectd.network.QCY-B.ios.494810GE.ac18-w2-qcy__vl671_dcnet_intuit_net.latency,6/20/16 14:25,0.803
collectd.network.QCY-B.ios.494810GE.ac19-w2-qcy__vl671_dcnet_intuit_net.latency,6/20/16 14:25,0.8261
collectd.network.QCY-B.ios.494810GE.ac2-w2-qcy__vl671_dcnet_intuit_net.latency,6/20/16 14:25,0.7761
collectd.network.QCY-B.ios.494810GE.ac20-w2-qcy__vl671_dcnet_intuit_net.latency,6/20/16 14:25,0.814
collectd.network.QCY-B.ios.494810GE.ac21-w2-qcy__vl671_dcnet_intuit_net.latency,6/20/16 14:25,0.778
collectd.network.QCY-B.ios.494810GE.ac22-w2-qcy__vl671_dcnet_intuit_net.latency,6/20/16 14:25,0.7739
collectd.network.QCY-B.ios.494810GE.ac23-w2-qcy__vl671_dcnet_intuit_net.latency,6/20/16 14:25,0.813
collectd.network.QCY-B.ios.494810GE.ac24-w2-qcy_v_l671_dcnet_intuit_net.latency,6/20/16 14:25,0.756
collectd.network.QCY-B.ios.494810GE.ac25-w2-qcy__vl671_dcnet_intuit_net.latency,6/20/16 14:25,0.808
collectd.network.QCY-B.ios.494810GE.ac26-w2-qcy__vl671_dcnet_intuit_net.latency,6/20/16 14:25,1.982
collectd.network.QCY-B.ios.494810GE.ac27-w2-qcy__vl671_dcnet_intuit_net.latency,6/20/16 14:25,0.7939
collectd.network.QCY-B.ios.494810GE.ac28-w2-qcy__vl671_dcnet_intuit_net.latency,6/20/16 14:25,0.8061
collectd.network.QCY-B.ios.494810GE.ac29-w2-qcy__vl671_dcnet_intuit_net.latency,6/20/16 14:25,0.8261
collectd.network.QCY-B.ios.494810GE.ac3-w2-qcy__vl671_dcnet_intuit_net.latency,6/20/16 14:25,0.8271
collectd.network.QCY-B.ios.494810GE.ac30-w2-qcy__vl671_dcnet_intuit_net.latency,6/20/16 14:25,1.014
collectd.network.QCY-B.ios.494810GE.ac4-w2-qcy__vl671_dcnet_intuit_net.latency,6/20/16 14:25,0.8068
collectd.network.QCY-B.ios.494810GE.ac5-w2-qcy__vl671_dcnet_intuit_net.latency,6/20/16 14:25,0.7911
collectd.network.QCY-B.ios.494810GE.ac6-w2-qcy__vl671_dcnet_intuit_net.latency,6/20/16 14:25,0.86
collectd.network.QCY-B.ios.494810GE.ac7-w2-qcy__vl671_dcnet_intuit_net.latency,6/20/16 14:25,2.028
collectd.network.QCY-B.ios.494810GE.ac75-agg-w2-qcy__vl671_dcnet_intuit_net.latency,6/20/16 14:25,0.8261
collectd.network.QCY-B.ios.494810GE.ac76-agg-w2-qcy__vl671_dcnet_intuit_net.latency,6/20/16 14:25,0.8781
collectd.network.QCY-B.ios.494810GE.ac8-w2-qcy__vl671_dcnet_intuit_net.latency,6/20/16 14:25,0.9489
collectd.network.QCY-B.ios.494810GE.ac9-w2-qcy__vl671_dcnet_intuit_net.latency,6/20/16 14:25,1.354
collectd.network.QCY-B.ios.NmeX24Es1GeNoPwr.ac6-ib3750-w2-qcy__vl671_dcnet_intuit_net.latency,6/20/16 14:25,5.635
collectd.network.QCY-B.junos.SRX5800.fw-p-w2-qcy_dcnet_intuit_net.latency,6/20/16 14:25,0.6738
collectd.network.QCY-B.junos.SRX5800.fw-s-w2-qcy_dcnet_intuit_net.latency,6/20/16 14:25,0.715
collectd.network.QCY-B.junos.SRX5800.fw1-p-w2-qcy__fxp0__0_dcnet_intuit_net.latency,6/20/16 14:25,9.8338
collectd.network.QCY-B.junos.SRX5800.fw1-s-w2-qcy__fxp0__0_dcnet_intuit_net.latency,6/20/16 14:25,0.648
collectd.network.QCY-B.junos.SRX5800.fw2-p-w2-qcy__fxp0__0_dcnet_intuit_net.latency,6/20/16 14:25,0.731
collectd.network.QCY-B.junos.SRX5800.fw2-s-w2-qcy__fxp0__0_dcnet_intuit_net.latency,6/20/16 14:25,0.7348
collectd.network.QCY-B.nx-os.N5kC5020pBf.ac1-agg-w2-qcy__mgmt0_dcnet_intuit_net.latency,6/20/16 14:25,3.8819
collectd.network.QCY-B.nx-os.N5kC5020pBf.ac11-ct-w2-qcy__mgmt0_dcnet_intuit_net.latency,6/20/16 14:25,3.8071
collectd.network.QCY-B.nx-os.N5kC5020pBf.ac2-agg-w2-qcy__mgmt0_dcnet_intuit_net.latency,6/20/16 14:25,5.2199
collectd.network.QCY-B.nx-os.N5kC5020pBf.ac3-agg-w2-qcy__mgmt0_dcnet_intuit_net.latency,6/20/16 14:25,3.772
collectd.network.QCY-B.nx-os.N5kC5020pBf.ac4-agg-w2-qcy__mgmt0_dcnet_intuit_net.latency,6/20/16 14:25,3.9821
collectd.network.QCY-B.nx-os.N5kC5020pBf.ac5-agg-w2-qcy__mgmt0_dcnet_intuit_net.latency,6/20/16 14:25,3.9201
collectd.network.QCY-B.nx-os.N5kC5020pBf.ac6-agg-w2-qcy__mgmt0_dcnet_intuit_net.latency,6/20/16 14:25,3.871
collectd.network.QCY-B.nx-os.N5kC5020pBf.ac7-agg-w2-qcy__mgmt0_dcnet_intuit_net.latency,6/20/16 14:25,3.845
collectd.network.QCY-B.nx-os.N5kC5020pBf.ac8-agg-w2-qcy__mgmt0_dcnet_intuit_net.latency,6/20/16 14:25,3.7451
collectd.network.QCY-B.nx-os.N5kC5596Up.ac10-agg-w2-qcy__mgmt0_dcnet_intuit_net.latency,6/20/16 14:25,2.2929
collectd.network.QCY-B.nx-os.N5kC5596Up.ac9-agg-w2-qcy__mgmt0_dcnet_intuit_net.latency,6/20/16 14:25,4.8831
collectd.network.QCY-B.nx-os.N7Kc7018.di1-w2-qcy__mgmt0_dcnet_intuit_net.latency,6/20/16 14:25,0.7398
collectd.network.QCY-B.nx-os.N7Kc7018.di2-w2-qcy__mgmt0_dcnet_intuit_net.latency,6/20/16 14:25,0.7949
collectd.network.QCY-B.nx-os.N7Kc7018.di3-w2-qcy__mgmt0_dcnet_intuit_net.latency,6/20/16 14:25,0.864
collectd.network.QCY-B.nx-os.N7Kc7018.di4-w2-qcy__mgmt0_dcnet_intuit_net.latency,6/20/16 14:25,6.1052
collectd.network.QCY-B.nx-os.N7Kc7018.sc1-w2-qcy__mgmt0_dcnet_intuit_net.latency,6/20/16 14:25,0.71
collectd.network.QCY-B.nx-os.N7Kc7018.sc2-w2-qcy__mgmt0_dcnet_intuit_net.latency,6/20/16 14:25,0.9151
collectd.network.QCY-C.ecds.ECDS1100.qdc-esds-se-02_intuit_net.latency,6/20/16 14:25,0.4151
collectd.network.QCY-C.ecds.ECDS3100.qdc-esds-se-01_intuit_net.latency,6/20/16 14:25,0.437
collectd.network.QCY-C.f5.BIG-IP_10250.qdc-c-ppd-lbp01__mgmt_dcnet_intuit_net.latency,6/20/16 14:25,0.608
collectd.network.QCY-C.f5.BIG-IP_10250.qdc-c-ppd-lbp02__mgmt_dcnet_intuit_net.latency,6/20/16 14:25,3.3081
collectd.network.QCY-C.f5.BIG-IP_10250.qdc-c-prd-lbp01__mgmt_dcnet_intuit_net.latency,6/20/16 14:25,4.6129
collectd.network.QCY-C.f5.BIG-IP_10250.qdc-c-prd-lbp02__mgmt_dcnet_intuit_net.latency,6/20/16 14:25,0.576
collectd.network.QCY-C.f5.BIG-IP_PB200.lb1-pprod-c-qcy__clst_dcnet_intuit_net.latency,6/20/16 14:25,0.6089
collectd.network.QCY-C.f5.BIG-IP_PB200.lb2-pprod-c-qcy__clst_dcnet_intuit_net.latency,6/20/16 14:25,0.819
collectd.network.QCY-C.f5.BIG-IP_VIPRION-4.lb1-prod-c-qcy__clst_dcnet_intuit_net.latency,6/20/16 14:25,0.577
collectd.network.QCY-C.f5.BIG-IP_VIPRION-4.lb2-prod-c-qcy__clst_dcnet_intuit_net.latency,6/20/16 14:25,0.5889
collectd.network.QCY-C.ios.3560E48TD.ib3560-1-c-qcy__vl671_dcnet_intuit_net.latency,6/20/16 14:25,0.9241
collectd.network.QCY-C.ios.3560E48TD.ib3560-2-c-qcy__vl671_dcnet_intuit_net.latency,6/20/16 14:25,0.932
collectd.network.QCY-C.ios.3845.oob3845-1-c-qcy__gi2-0_dcnet_intuit_net.latency,6/20/16 14:25,-2
collectd.network.QCY-C.ios.494810GE.pdu1-c-qcy__vl671_dcnet_intuit_net.latency,6/20/16 14:25,0.752
collectd.network.QCY-C.ios.494810GE.pdu2-c-qcy__vl671_dcnet_intuit_net.latency,6/20/16 14:25,0.7839
collectd.network.QCY-C.ios.494810GE.pdu3-c-qcy__vl671_dcnet_intuit_net.latency,6/20/16 14:25,0.711
collectd.network.QCY-C.ios.494810GE.pdu4-c-qcy__vl671_dcnet_intuit_net.latency,6/20/16 14:25,0.746
collectd.network.QCY-C.ios.494810GE.pdu5-c-qcy__vl671_dcnet_intuit_net.latency,6/20/16 14:25,0.747
collectd.network.QCY-C.ios.494810GE.pdu6-c-qcy__vl671_dcnet_intuit_net.latency,6/20/16 14:25,0.7391
collectd.network.QCY-C.ios.494810GE.pdu7-c-qcy__vl671_dcnet_intuit_net.latency,6/20/16 14:25,0.814
collectd.network.QCY-C.ios.NmeX24Es1GeNoPwr.ib3750-1-c-qcy__vl671_dcnet_intuit_net.latency,6/20/16 14:25,4.406
collectd.network.QCY-C.ios-xe.ASR1006.qcy-iae-rtr1__gi0_dcnet_intuit_net.latency,6/20/16 14:25,0.6969
collectd.network.QCY-C.junos.MX480.fw-pn-e3-qcy_dcnet_intuit_net.latency,6/20/16 14:25,0.623
collectd.network.QCY-C.junos.MX480.fw-sm-e3-qcy_dcnet_intuit_net.latency,6/20/16 14:25,0.6449
collectd.network.QCY-C.junos.MX480.fw1-p-e3-qcy__fxp0__0_dcnet_intuit_net.latency,6/20/16 14:25,0.598
collectd.network.QCY-C.junos.MX480.fw1-s-e3-qcy__fxp0__0_dcnet_intuit_net.latency,6/20/16 14:25,0.628
collectd.network.QCY-C.junos.MX480.fw2-p-e3-qcy__fxp0__0_dcnet_intuit_net.latency,6/20/16 14:25,1.111
collectd.network.QCY-C.junos.MX480.fw2-s-e3-qcy__fxp0__0_dcnet_intuit_net.latency,6/20/16 14:25,0.6459
collectd.network.QCY-C.nae.Ingrian.nc-qpr-gen-enc1-gb1_corp_intuit_net.latency,6/20/16 14:25,0.6208
collectd.network.QCY-C.nae.Ingrian.nc-qpr-gen-enc2-gb1_corp_intuit_net.latency,6/20/16 14:25,0.6011
collectd.network.QCY-C.nae.Ingrian.nc-qpr-gen-enc3-gb1_corp_intuit_net.latency,6/20/16 14:25,0.694
collectd.network.QCY-C.nae.Ingrian.nc-qpr-gen-enc4-gb1_corp_intuit_net.latency,6/20/16 14:25,0.6149
collectd.network.QCY-C.nx-os.N5kC5020pBf.ac1-storage-c-qcy__mgmt0_dcnet_intuit_net.latency,6/20/16 14:25,4.005
collectd.network.QCY-C.nx-os.N5kC5020pBf.ac10-compute-c-qcy__mgmt0_dcnet_intuit_net.latency,6/20/16 14:25,3.834
collectd.network.QCY-C.nx-os.N5kC5020pBf.ac10-storage-c-qcy__mgmt0_dcnet_intuit_net.latency,6/20/16 14:25,4.339
collectd.network.QCY-C.nx-os.N5kC5020pBf.ac11-compute-bd-c-qcy__mgmt0_dcnet_intuit_net.latency,6/20/16 14:25,3.8111
collectd.network.QCY-C.nx-os.N5kC5020pBf.ac12-compute-bd-c-qcy__mgmt0_dcnet_intuit_net.latency,6/20/16 14:25,4.1399
collectd.network.QCY-C.nx-os.N5kC5020pBf.ac13-compute-c-qcy__mgmt0_dcnet_intuit_net.latency,6/20/16 14:25,3.9022
collectd.network.QCY-C.nx-os.N5kC5020pBf.ac14-compute-c-qcy__mgmt0_dcnet_intuit_net.latency,6/20/16 14:25,3.844
collectd.network.QCY-C.nx-os.N5kC5020pBf.ac17-compute-bd-c-qcy__mgmt0_dcnet_intuit_net.latency,6/20/16 14:25,13.0801
collectd.network.QCY-C.nx-os.N5kC5020pBf.ac18-compute-bd-c-qcy__mgmt0_dcnet_intuit_net.latency,6/20/16 14:25,4.317
collectd.network.QCY-C.nx-os.N5kC5020pBf.ac2-storage-c-qcy__mgmt0_dcnet_intuit_net.latency,6/20/16 14:25,3.886
collectd.network.QCY-C.nx-os.N5kC5020pBf.ac23-compute-c-qcy__mgmt0_dcnet_intuit_net.latency,6/20/16 14:25,3.916
collectd.network.QCY-C.nx-os.N5kC5020pBf.ac24-compute-c-qcy__mgmt0_dcnet_intuit_net.latency,6/20/16 14:25,3.8719
collectd.network.QCY-C.nx-os.N5kC5020pBf.ac3-storage-c-qcy__mgmt0_dcnet_intuit_net.latency,6/20/16 14:25,3.88
collectd.network.QCY-C.nx-os.N5kC5020pBf.ac4-storage-c-qcy__mgmt0_dcnet_intuit_net.latency,6/20/16 14:25,3.8381
collectd.network.QCY-C.nx-os.N5kC5020pBf.ac5-storage-c-qcy__mgmt0_dcnet_intuit_net.latency,6/20/16 14:25,12.193
collectd.network.QCY-C.nx-os.N5kC5020pBf.ac6-storage-c-qcy__mgmt0_dcnet_intuit_net.latency,6/20/16 14:25,3.8838
collectd.network.QCY-C.nx-os.N5kC5020pBf.ac7-storage-c-qcy__mgmt0_dcnet_intuit_net.latency,6/20/16 14:25,3.875
collectd.network.QCY-C.nx-os.N5kC5020pBf.ac8-storage-c-qcy__mgmt0_dcnet_intuit_net.latency,6/20/16 14:25,3.8729
collectd.network.QCY-C.nx-os.N5kC5020pBf.ac9-compute-c-qcy__mgmt0_dcnet_intuit_net.latency,6/20/16 14:25,3.9649
collectd.network.QCY-C.nx-os.N5kC5020pBf.ac9-storage-c-qcy__mgmt0_dcnet_intuit_net.latency,6/20/16 14:25,4.0052
collectd.network.QCY-C.nx-os.N5kC5548p.ac11-storage-c-qcy__mgmt0_dcnet_intuit_net.latency,6/20/16 14:25,0.9072
collectd.network.QCY-C.nx-os.N5kC5548p.ac12-storage-c-qcy__mgmt0_dcnet_intuit_net.latency,6/20/16 14:25,0.7012
collectd.network.QCY-C.nx-os.N5kC5548p.ac15-compute-c-qcy__mgmt0_dcnet_intuit_net.latency,6/20/16 14:25,0.783
collectd.network.QCY-C.nx-os.N5kC5548p.ac16-compute-c-qcy__mgmt0_dcnet_intuit_net.latency,6/20/16 14:25,0.6919
collectd.network.QCY-C.nx-os.N5kC5596Up.ac1-compute-c-qcy__mgmt0_dcnet_intuit_net.latency,6/20/16 14:25,2.4021
collectd.network.QCY-C.nx-os.N5kC5596Up.ac13-storage-c-qcy__mgmt0_dcnet_intuit_net.latency,6/20/16 14:25,2.398
collectd.network.QCY-C.nx-os.N5kC5596Up.ac14-storage-c-qcy__mgmt0_dcnet_intuit_net.latency,6/20/16 14:25,2.3761
collectd.network.QCY-C.nx-os.N5kC5596Up.ac15-storage-c-qcy__mgmt0_dcnet_intuit_net.latency,6/20/16 14:25,2.3742
collectd.network.QCY-C.nx-os.N5kC5596Up.ac16-storage-c-qcy__mgmt0_dcnet_intuit_net.latency,6/20/16 14:25,2.3911
collectd.network.QCY-C.nx-os.N5kC5596Up.ac17-storage-c-qcy__mgmt0_dcnet_intuit_net.latency,6/20/16 14:25,2.3758
collectd.network.QCY-C.nx-os.N5kC5596Up.ac18-storage-c-qcy__mgmt0_dcnet_intuit_net.latency,6/20/16 14:25,2.3921
collectd.network.QCY-C.nx-os.N5kC5596Up.ac19-compute-c-qcy__mgmt0_dcnet_intuit_net.latency,6/20/16 14:25,2.3508
collectd.network.QCY-C.nx-os.N5kC5596Up.ac2-compute-c-qcy__mgmt0_dcnet_intuit_net.latency,6/20/16 14:25,2.3329
collectd.network.QCY-C.nx-os.N5kC5596Up.ac20-compute-c-qcy__mgmt0_dcnet_intuit_net.latency,6/20/16 14:25,2.367
collectd.network.QCY-C.nx-os.N5kC5596Up.ac21-compute-c-qcy__mgmt0_dcnet_intuit_net.latency,6/20/16 14:25,2.3351
collectd.network.QCY-C.nx-os.N5kC5596Up.ac22-compute-c-qcy__mgmt0_dcnet_intuit_net.latency,6/20/16 14:25,2.3351
collectd.network.QCY-C.nx-os.N5kC5596Up.ac25-compute-c-qcy__mgmt0_dcnet_intuit_net.latency,6/20/16 14:25,2.378
collectd.network.QCY-C.nx-os.N5kC5596Up.ac26-compute-c-qcy__mgmt0_dcnet_intuit_net.latency,6/20/16 14:25,2.3508
collectd.network.QCY-C.nx-os.N5kC5596Up.ac27-compute-c-qcy__mgmt0_dcnet_intuit_net.latency,6/20/16 14:25,2.4168
collectd.network.QCY-C.nx-os.N5kC5596Up.ac28-compute-c-qcy__mgmt0_dcnet_intuit_net.latency,6/20/16 14:25,2.3658
collectd.network.QCY-C.nx-os.N5kC5596Up.ac29-compute-bd-c-qcy__mgmt0_dcnet_intuit_net.latency,6/20/16 14:25,2.3429
collectd.network.QCY-C.nx-os.N5kC5596Up.ac29-compute-c-qcy__mgmt0_dcnet_intuit_net.latency,6/20/16 14:25,2.3739
collectd.network.QCY-C.nx-os.N5kC5596Up.ac3-compute-c-qcy__mgmt0_dcnet_intuit_net.latency,6/20/16 14:25,2.3339
collectd.network.QCY-C.nx-os.N5kC5596Up.ac30-compute-bd-c-qcy__mgmt0_dcnet_intuit_net.latency,6/20/16 14:25,2.3811
collectd.network.QCY-C.nx-os.N5kC5596Up.ac30-compute-c-qcy__mgmt0_dcnet_intuit_net.latency,6/20/16 14:25,2.3711
collectd.network.QCY-C.nx-os.N5kC5596Up.ac31-compute-bd-c-qcy__mgmt0_dcnet_intuit_net.latency,6/20/16 14:25,2.358
collectd.network.QCY-C.nx-os.N5kC5596Up.ac32-compute-bd-c-qcy__mgmt0_dcnet_intuit_net.latency,6/20/16 14:25,2.306
collectd.network.QCY-C.nx-os.N5kC5596Up.ac4-compute-c-qcy__mgmt0_dcnet_intuit_net.latency,6/20/16 14:25,2.388
collectd.network.QCY-C.nx-os.N5kC5596Up.ac5-compute-c-qcy__mgmt0_dcnet_intuit_net.latency,6/20/16 14:25,6.0272
collectd.network.QCY-C.nx-os.N5kC5596Up.ac6-compute-c-qcy__mgmt0_dcnet_intuit_net.latency,6/20/16 14:25,2.4569
collectd.network.QCY-C.nx-os.N5kC5596Up.ac7-compute-c-qcy__mgmt0_dcnet_intuit_net.latency,6/20/16 14:25,2.353
collectd.network.QCY-C.nx-os.N5kC5596Up.ac8-compute-c-qcy__mgmt0_dcnet_intuit_net.latency,6/20/16 14:25,2.409
collectd.network.QCY-C.nx-os.N77c7710.di1-c-qcy__mgmt0_dcnet_intuit_net.latency,6/20/16 14:25,10.0141
collectd.network.QCY-C.nx-os.N77c7710.di2-c-qcy__mgmt0_dcnet_intuit_net.latency,6/20/16 14:25,1.0629
collectd.network.QCY-C.nx-os.N77c7710.qdc-c-di01-admin__mgmt0_dcnet_intuit_net.latency,6/20/16 14:25,1.508
collectd.network.QCY-C.nx-os.N77c7710.qdc-c-di02-admin__mgmt0_dcnet_intuit_net.latency,6/20/16 14:25,0.828
collectd.network.QCY-C.nx-os.N77c7710.sc1-c-qcy__mgmt0_dcnet_intuit_net.latency,6/20/16 14:25,0.7648
collectd.network.QCY-C.nx-os.N77c7710.sc2-c-qcy__mgmt0_dcnet_intuit_net.latency,6/20/16 14:25,0.7591
collectd.network.QCY-C.nx-os.N9KC9372PX.qcy-iae-di1__mgmt0_dcnet_intuit_net.latency,6/20/16 14:25,0.638
collectd.network.QCY-C.nx-os.N9KC9372PX.qcy-iae-di2__mgmt0_dcnet_intuit_net.latency,6/20/16 14:25,0.592
collectd.network.QCY-C.nx-os.N9KC9372PX.qcy-iae-sc1__mgmt0_dcnet_intuit_net.latency,6/20/16 14:25,0.6399
collectd.network.QCY-C.nx-os.N9KC9372PX.qcy-iae-sc2__mgmt0_dcnet_intuit_net.latency,6/20/16 14:25,0.6771
collectd.network.QCY-C.nx-os.m9513.qyfcsw02a_corp_intuit_net.latency,6/20/16 14:25,0.577
collectd.network.QCY-C.nx-os.m9513.qyfcsw02b_corp_intuit_net.latency,6/20/16 14:25,0.6011
collectd.network.QCY-C.ucs.C210.qdc-esds-se-01-mgmt_intuit_net.latency,6/20/16 14:25,0.8998
collectd.network.QCY-C.ucs.C210.sprdcucilo301_corp_intuit_net.latency,6/20/16 14:25,-2
collectd.network.QCY-C.ucs.C210.sprdcucilo302_corp_intuit_net.latency,6/20/16 14:25,-2
collectd.network.QCY-C.ucs.C210.sprdcucilo303_corp_intuit_net.latency,6/20/16 14:25,-2
collectd.network.QCY-C.ucs.C220.QDCUMGT-CIMPRI-I-01_corp_intuit_net.latency,6/20/16 14:25,1.972
collectd.network.QCY-C.ucv.UCVirtualMachine.sprdcuccups302_corp_intuit_net.latency,6/20/16 14:25,0.5651
collectd.network.QCY-C.ucv.UCVirtualMachine.sprdcuccups304_corp_intuit_net.latency,6/20/16 14:25,0.504
collectd.network.QCY-C.ucv.UCVirtualMachine.sprdcucsub303_corp_intuit_net.latency,6/20/16 14:25,0.5069
collectd.network.QCY-C.ucv.UCVirtualMachine.sprdcucsub304_corp_intuit_net.latency,6/20/16 14:25,0.5879
collectd.network.QCY-C.ucv.UCVirtualMachine.sprdcuctftp302_corp_intuit_net.latency,6/20/16 14:25,0.5028
collectd.network.QCY-C.ucv.UCVirtualMachine.sprdcucucs302_corp_intuit_net.latency,6/20/16 14:25,2.4929
collectd.network.QCY-D.asa.ASA5585Ssp40.qdc-sl01-fw01-pri__be_dcnet_intuit_net.latency,6/20/16 14:25,0.5612
collectd.network.QCY-D.asa.ASA5585Ssp40.qdc-sl01-fw01-sec__be_dcnet_intuit_net.latency,6/20/16 14:25,2.1741
collectd.network.QCY-D.nx-os.N5kC5596Up.qdc-pl01-rtr01__lo222_dcnet_intuit_net.latency,6/20/16 14:25,0.6628
collectd.network.QCY-D.nx-os.N5kC5596Up.qdc-pl01-rtr02__lo222_dcnet_intuit_net.latency,6/20/16 14:25,0.679
collectd.network.QCY-D.nx-os.N5kC5596Up.qdc-sl01-rtr01__lo222_dcnet_intuit_net.latency,6/20/16 14:25,0.6351
collectd.network.QCY-D.nx-os.N5kC5596Up.qdc-sl01-rtr02__lo222_dcnet_intuit_net.latency,6/20/16 14:25,0.6471
collectd.network.QCY-D.nx-os.N7Kc7010.qdc-spn-rtr01__lo200_dcnet_intuit_net.latency,6/20/16 14:25,0.6392
collectd.network.QCY-D.nx-os.N7Kc7010.qdc-spn-rtr02__lo200_dcnet_intuit_net.latency,6/20/16 14:25,0.6361
collectd.network.QCY-D.nx-os.N7Kc7010.qdc-spn-rtr02_lo20012345679101112131415161718192021222324252627282930.latency,6/20/16 14:25,0.648
collectd.network.QCY-E.asa.ASA5585Ssp60.qdc-e-fwm01-pri__mnet-outside_dcnet_intuit_net.latency,6/20/16 14:25,-2
collectd.network.QCY-E.asa.ASA5585Ssp60.qdc-e-fwm01-sec__mnet-outside_dcnet_intuit_net.latency,6/20/16 14:25,-2
collectd.network.QCY-E.asa.ASA5585Ssp60.qdc-e-fwn01-pri__npub-outside_dcnet_intuit_net.latency,6/20/16 14:25,-2
collectd.network.QCY-E.asa.ASA5585Ssp60.qdc-e-fwn01-sec__npub-outside_dcnet_intuit_net.latency,6/20/16 14:25,-2
collectd.network.QCY-E.asa.ASA5585Ssp60.qdc-e-fwp01-pri__pub-outside_dcnet_intuit_net.latency,6/20/16 14:25,-2
collectd.network.QCY-E.asa.ASA5585Ssp60.qdc-e-fwp01-sec__pub-outside_dcnet_intuit_net.latency,6/20/16 14:25,-2
collectd.network.QCY-E.asa.ASA5585Ssp60.qdc-e-fws01-pri__sen-outside_dcnet_intuit_net.latency,6/20/16 14:25,-2
collectd.network.QCY-E.asa.ASA5585Ssp60.qdc-e-fws01-sec__sen-outside_dcnet_intuit_net.latency,6/20/16 14:25,-2
collectd.network.QCY-E.f5.BIG-IP_10250.qdc-e-lbn01__mgmt_dcnet_intuit_net.latency,6/20/16 14:25,0.5579
collectd.network.QCY-E.f5.BIG-IP_10250.qdc-e-lbn02__mgmt_dcnet_intuit_net.latency,6/20/16 14:25,0.5791
collectd.network.QCY-E.f5.BIG-IP_10250.qdc-e-lbp01__mgmt_dcnet_intuit_net.latency,6/20/16 14:25,0.5879
collectd.network.QCY-E.f5.BIG-IP_10250.qdc-e-lbp02__mgmt_dcnet_intuit_net.latency,6/20/16 14:25,0.5319
collectd.network.QCY-E.f5.BIG-IP_10250.qdc-e-lbsm01__mgmt_dcnet_intuit_net.latency,6/20/16 14:25,0.5562
collectd.network.QCY-E.f5.BIG-IP_10250.qdc-e-lbsm02__mgmt_dcnet_intuit_net.latency,6/20/16 14:25,5.0948
collectd.network.QCY-E.nx-os.1410.qdc-e-acib01__mgmt0_dcnet_intuit_net.latency,6/20/16 14:25,0.8042
collectd.network.QCY-E.nx-os.1410.qdc-e-acib02__mgmt0_dcnet_intuit_net.latency,6/20/16 14:25,0.7651
collectd.network.QCY-E.nx-os.1410.qdc-e-acib03__mgmt0_dcnet_intuit_net.latency,6/20/16 14:25,0.879
collectd.network.QCY-E.nx-os.1410.qdc-e-acib04__mgmt0_dcnet_intuit_net.latency,6/20/16 14:25,0.7911
collectd.network.QCY-E.nx-os.1410.qdc-e-acst01__mgmt0_dcnet_intuit_net.latency,6/20/16 14:25,0.7899
collectd.network.QCY-E.nx-os.1410.qdc-e-acst02__mgmt0_dcnet_intuit_net.latency,6/20/16 14:25,0.7629
collectd.network.QCY-E.nx-os.N6kC600164T.qdc-e-accmp001__mgmt0_dcnet_intuit_net.latency,6/20/16 14:25,0.7041
collectd.network.QCY-E.nx-os.N6kC600164T.qdc-e-accmp002__mgmt0_dcnet_intuit_net.latency,6/20/16 14:25,0.7682
collectd.network.QCY-E.nx-os.N6kC600164T.qdc-e-accmp003__mgmt0_dcnet_intuit_net.latency,6/20/16 14:25,0.7849
collectd.network.QCY-E.nx-os.N6kC600164T.qdc-e-accmp004__mgmt0_dcnet_intuit_net.latency,6/20/16 14:25,0.8159
collectd.network.QCY-E.nx-os.N6kC600164T.qdc-e-accmp005__mgmt0_dcnet_intuit_net.latency,6/20/16 14:25,0.7842
collectd.network.QCY-E.nx-os.N6kC600164T.qdc-e-accmp006__mgmt0_dcnet_intuit_net.latency,6/20/16 14:25,0.7591
collectd.network.QCY-E.nx-os.N6kC600164T.qdc-e-accmp007__mgmt0_dcnet_intuit_net.latency,6/20/16 14:25,0.757
collectd.network.QCY-E.nx-os.N6kC600164T.qdc-e-accmp008__mgmt0_dcnet_intuit_net.latency,6/20/16 14:25,0.737
collectd.network.QCY-E.nx-os.N6kC600164T.qdc-e-accmp009__mgmt0_dcnet_intuit_net.latency,6/20/16 14:25,0.7589
collectd.network.QCY-E.nx-os.N6kC600164T.qdc-e-accmp010__mgmt0_dcnet_intuit_net.latency,6/20/16 14:25,0.828
collectd.network.QCY-E.nx-os.N6kC600164T.qdc-e-accmp011__mgmt0_dcnet_intuit_net.latency,6/20/16 14:25,2.295
collectd.network.QCY-E.nx-os.N6kC600164T.qdc-e-accmp012__mgmt0_dcnet_intuit_net.latency,6/20/16 14:25,0.7989
collectd.network.QCY-E.nx-os.N6kC600164T.qdc-e-accmp013__mgmt0_dcnet_intuit_net.latency,6/20/16 14:25,0.7598
collectd.network.QCY-E.nx-os.N6kC600164T.qdc-e-accmp014__mgmt0_dcnet_intuit_net.latency,6/20/16 14:25,0.771
collectd.network.QCY-E.nx-os.N6kC600164T.qdc-e-accmp015__mgmt0_dcnet_intuit_net.latency,6/20/16 14:25,0.7579
collectd.network.QCY-E.nx-os.N6kC600164T.qdc-e-accmp016__mgmt0_dcnet_intuit_net.latency,6/20/16 14:25,0.7441
collectd.network.QCY-E.nx-os.N6kC600164T.qdc-e-accmp017__mgmt0_dcnet_intuit_net.latency,6/20/16 14:25,0.7288
collectd.network.QCY-E.nx-os.N6kC600164T.qdc-e-accmp018__mgmt0_dcnet_intuit_net.latency,6/20/16 14:25,0.7758
collectd.network.QCY-E.nx-os.N6kC600164T.qdc-e-accmp019__mgmt0_dcnet_intuit_net.latency,6/20/16 14:25,0.772
collectd.network.QCY-E.nx-os.N6kC600164T.qdc-e-accmp020__mgmt0_dcnet_intuit_net.latency,6/20/16 14:25,0.8159
collectd.network.QCY-E.nx-os.N6kC600164T.qdc-e-accmp021__mgmt0_dcnet_intuit_net.latency,6/20/16 14:25,0.7589
collectd.network.QCY-E.nx-os.N6kC600164T.qdc-e-accmp022__mgmt0_dcnet_intuit_net.latency,6/20/16 14:25,1.1849
collectd.network.QCY-E.nx-os.N6kC600164T.qdc-e-accmp023__mgmt0_dcnet_intuit_net.latency,6/20/16 14:25,0.7548
collectd.network.QCY-E.nx-os.N6kC600164T.qdc-e-accmp024__mgmt0_dcnet_intuit_net.latency,6/20/16 14:25,0.787
collectd.network.QCY-E.nx-os.N6kC600164T.qdc-e-accmp025__mgmt0_dcnet_intuit_net.latency,6/20/16 14:25,6.7141
collectd.network.QCY-E.nx-os.N6kC600164T.qdc-e-accmp026__mgmt0_dcnet_intuit_net.latency,6/20/16 14:25,0.7949
collectd.network.QCY-E.nx-os.N6kC600164T.qdc-e-accmp027__mgmt0_dcnet_intuit_net.latency,6/20/16 14:25,0.7632
collectd.network.QCY-E.nx-os.N6kC600164T.qdc-e-accmp028__mgmt0_dcnet_intuit_net.latency,6/20/16 14:25,1.004
collectd.network.QCY-E.nx-os.N6kC600164T.qdc-e-accmp029__mgmt0_dcnet_intuit_net.latency,6/20/16 14:25,0.782
collectd.network.QCY-E.nx-os.N6kC600164T.qdc-e-accmp030__mgmt0_dcnet_intuit_net.latency,6/20/16 14:25,0.694
collectd.network.QCY-E.nx-os.N6kC600164T.qdc-e-accmp031__mgmt0_dcnet_intuit_net.latency,6/20/16 14:25,1.034
collectd.network.QCY-E.nx-os.N6kC600164T.qdc-e-accmp032__mgmt0_dcnet_intuit_net.latency,6/20/16 14:25,0.7501
collectd.network.QCY-E.nx-os.N6kC600164T.qdc-e-accmp033__mgmt0_dcnet_intuit_net.latency,6/20/16 14:25,8.0519
collectd.network.QCY-E.nx-os.N6kC600164T.qdc-e-accmp034__mgmt0_dcnet_intuit_net.latency,6/20/16 14:25,0.7322
collectd.network.QCY-E.nx-os.N6kC600164T.qdc-e-accmp035__mgmt0_dcnet_intuit_net.latency,6/20/16 14:25,0.803
collectd.network.QCY-E.nx-os.N6kC600164T.qdc-e-accmp036__mgmt0_dcnet_intuit_net.latency,6/20/16 14:25,0.7019
collectd.network.QCY-E.nx-os.N77c7710.qdc-e-di01__mgmt0_dcnet_intuit_net.latency,6/20/16 14:25,1.5619
collectd.network.QCY-E.nx-os.N77c7710.qdc-e-di02__mgmt0_dcnet_intuit_net.latency,6/20/16 14:25,4.4599
collectd.network.QCY-E.nx-os.N77c7710.qdc-e-sc01__mgmt0_dcnet_intuit_net.latency,6/20/16 14:25,4.1142
collectd.network.QCY-E.nx-os.N77c7710.qdc-e-sc02__mgmt0_dcnet_intuit_net.latency,6/20/16 14:25,0.9279
collectd.network.QCY-E.nx-os.N9KC9396TX.qdc-e-accmp037__mgmt0_dcnet_intuit_net.latency,6/20/16 14:25,0.644
collectd.network.QCY-E.nx-os.N9KC9396TX.qdc-e-accmp038__mgmt0_dcnet_intuit_net.latency,6/20/16 14:25,0.608
collectd.network.QCY-E.nx-os.N9KC9396TX.qdc-e-accmp039__mgmt0_dcnet_intuit_net.latency,6/20/16 14:25,0.6211
collectd.network.QCY-E.nx-os.N9KC9396TX.qdc-e-accmp040__mgmt0_dcnet_intuit_net.latency,6/20/16 14:25,0.5569
collectd.network.QCY-E.nx-os.N9KC9396TX.qdc-e-accmp045__mgmt0_dcnet_intuit_net.latency,6/20/16 14:25,0.617
collectd.network.QCY-E.nx-os.N9KC9396TX.qdc-e-accmp046__mgmt0_dcnet_intuit_net.latency,6/20/16 14:25,0.633
collectd.network.QCY-E.nx-os.N9KC9396TX.qdc-e-accmp047__mgmt0_dcnet_intuit_net.latency,6/20/16 14:25,0.6001
collectd.network.QCY-E.nx-os.N9KC9396TX.qdc-e-accmp048__mgmt0_dcnet_intuit_net.latency,6/20/16 14:25,0.5989
collectd.network.QCY-E.nx-os.N9KC9396TX.qdc-e-accmp049__mgmt0_dcnet_intuit_net.latency,6/20/16 14:25,0.6452
collectd.network.QCY-E.nx-os.N9KC9396TX.qdc-e-accmp050__mgmt0_dcnet_intuit_net.latency,6/20/16 14:25,0.591